date,sku,product_name,warehouse_zone,stock_on_hand,inbound,outbound,reorder_level,inventory_gap
2024-06-12,SKU-1007,Product SKU-1007,A1,379,35,31,58,325
2024-02-05,SKU-1047,Product SKU-1047,A1,346,69,11,105,299
2024-04-18,SKU-1002,Product SKU-1002,A1,47,27,29,94,-49
2024-06-03,SKU-1001,Product SKU-1001,C1,101,69,53,58,59
2024-04-24,SKU-1037,Product SKU-1037,B1,414,0,20,119,275
2024-04-18,SKU-1021,Product SKU-1021,B1,79,27,43,43,20
2024-01-24,SKU-1024,Product SKU-1024,A1,183,44,77,63,87
2024-01-12,SKU-1046,Product SKU-1046,B2,274,15,48,40,201
2024-05-21,SKU-1018,Product SKU-1018,C1,453,46,73,54,372
2024-01-18,SKU-1002,Product SKU-1002,A2,395,37,10,59,363
2024-01-26,SKU-1024,Product SKU-1024,B1,232,46,20,77,181
2024-03-31,SKU-1013,Product SKU-1013,B1,359,9,77,111,180
2024-02-13,SKU-1034,Product SKU-1034,A2,83,59,48,64,30
2024-06-12,SKU-1044,Product SKU-1044,C1,112,41,7,59,87
2024-01-09,SKU-1020,Product SKU-1020,B2,137,8,27,102,16
2024-03-21,SKU-1013,Product SKU-1013,B2,202,58,18,63,179
2024-02-05,SKU-1015,Product SKU-1015,C1,275,33,74,84,150
2024-05-29,SKU-1025,Product SKU-1025,B1,112,17,65,93,-29
2024-01-24,SKU-1048,Product SKU-1048,A1,440,14,19,110,325
2024-02-10,SKU-1043,Product SKU-1043,B2,305,8,49,78,186
2024-06-01,SKU-1029,Product SKU-1029,C1,128,70,1,117,80
2024-01-30,SKU-1043,Product SKU-1043,C1,384,34,43,44,331
2024-03-16,SKU-1027,Product SKU-1027,A2,232,0,33,94,105
2024-02-15,SKU-1032,Product SKU-1032,A1,445,80,38,111,376
2024-05-09,SKU-1038,Product SKU-1038,A2,78,47,20,99,6
2024-05-15,SKU-1000,Product SKU-1000,C1,165,62,2,44,181
2024-04-02,SKU-1019,Product SKU-1019,A2,29,30,72,40,-53
2024-01-22,SKU-1046,Product SKU-1046,B2,417,8,68,46,311
2024-02-02,SKU-1042,Product SKU-1042,B2,484,70,21,63,470
2024-05-15,SKU-1038,Product SKU-1038,B2,493,27,69,118,333
2024-02-21,SKU-1045,Product SKU-1045,B1,204,47,56,96,99
2024-04-25,SKU-1007,Product SKU-1007,A2,115,8,43,32,48
2024-05-30,SKU-1035,Product SKU-1035,A2,301,28,0,39,290
2024-06-10,SKU-1003,Product SKU-1003,A2,34,4,42,39,-43
2024-05-11,SKU-1015,Product SKU-1015,B1,342,62,27,99,278
2024-02-03,SKU-1046,Product SKU-1046,C1,295,60,31,90,234
2024-04-14,SKU-1012,Product SKU-1012,A1,49,55,45,84,-25
2024-04-15,SKU-1029,Product SKU-1029,A1,344,12,7,81,268
2024-03-27,SKU-1006,Product SKU-1006,A2,98,24,68,87,-33
2024-02-05,SKU-1027,Product SKU-1027,A2,142,59,31,39,131
2024-04-23,SKU-1035,Product SKU-1035,A1,25,69,1,41,52
2024-03-01,SKU-1010,Product SKU-1010,B2,248,61,27,81,201
2024-01-16,SKU-1010,Product SKU-1010,B2,1,49,33,88,-71
2024-03-14,SKU-1027,Product SKU-1027,C1,338,62,19,54,327
2024-03-16,SKU-1013,Product SKU-1013,A1,296,69,7,70,288
2024-01-15,SKU-1003,Product SKU-1003,C1,244,64,67,50,191
2024-01-15,SKU-1032,Product SKU-1032,A1,435,23,8,106,344
2024-01-18,SKU-1043,Product SKU-1043,A2,206,15,72,61,88
2024-05-28,SKU-1038,Product SKU-1038,A1,317,10,53,114,160
2024-05-29,SKU-1036,Product SKU-1036,C1,161,33,26,115,53
2024-03-21,SKU-1015,Product SKU-1015,B1,202,16,38,88,92
2024-03-21,SKU-1048,Product SKU-1048,A1,4,58,79,102,-119
2024-01-26,SKU-1004,Product SKU-1004,C1,109,64,33,46,94
2024-03-30,SKU-1004,Product SKU-1004,A2,189,36,20,86,119
2024-05-19,SKU-1045,Product SKU-1045,B1,313,67,1,115,264
2024-05-21,SKU-1019,Product SKU-1019,A1,480,17,33,44,420
2024-01-28,SKU-1047,Product SKU-1047,C1,79,34,36,107,-30
2024-02-23,SKU-1045,Product SKU-1045,B1,104,33,64,92,-19
2024-03-05,SKU-1003,Product SKU-1003,A1,324,54,35,35,308
2024-01-01,SKU-1021,Product SKU-1021,A2,326,33,20,86,253
2024-05-21,SKU-1045,Product SKU-1045,B2,287,1,14,39,235
2024-06-25,SKU-1009,Product SKU-1009,C1,18,47,74,100,-109
2024-02-07,SKU-1027,Product SKU-1027,A2,21,39,46,35,-21
2024-04-01,SKU-1013,Product SKU-1013,A2,341,13,45,101,208
2024-04-14,SKU-1039,Product SKU-1039,A2,473,30,20,52,431
2024-04-15,SKU-1001,Product SKU-1001,A2,377,42,52,115,252
2024-03-04,SKU-1017,Product SKU-1017,A2,403,13,48,34,334
2024-04-30,SKU-1014,Product SKU-1014,A2,418,58,44,69,363
2024-02-28,SKU-1014,Product SKU-1014,A1,337,24,51,72,238
2024-03-12,SKU-1004,Product SKU-1004,B1,179,65,51,116,77
2024-05-17,SKU-1021,Product SKU-1021,A1,59,33,22,104,-34
2024-03-08,SKU-1002,Product SKU-1002,A1,305,55,44,70,246
2024-04-21,SKU-1038,Product SKU-1038,C1,59,49,73,54,-19
2024-03-06,SKU-1002,Product SKU-1002,B2,0,66,68,117,-119
2024-06-20,SKU-1012,Product SKU-1012,B1,220,8,42,109,77
2024-03-21,SKU-1042,Product SKU-1042,A1,368,38,64,69,273
2024-06-19,SKU-1026,Product SKU-1026,B1,206,37,70,46,127
2024-02-19,SKU-1026,Product SKU-1026,B2,346,22,78,102,188
2024-03-18,SKU-1025,Product SKU-1025,C1,426,0,38,66,322
2024-02-23,SKU-1027,Product SKU-1027,C1,310,41,59,86,206
2024-04-23,SKU-1043,Product SKU-1043,A2,261,60,21,114,186
2024-01-22,SKU-1018,Product SKU-1018,C1,339,79,42,41,335
2024-03-01,SKU-1043,Product SKU-1043,B1,115,25,18,33,89
2024-01-12,SKU-1015,Product SKU-1015,B2,312,9,58,83,180
2024-06-10,SKU-1036,Product SKU-1036,A2,367,49,63,81,272
2024-03-03,SKU-1009,Product SKU-1009,A1,457,13,54,58,358
2024-02-15,SKU-1044,Product SKU-1044,C1,237,6,71,61,111
2024-02-01,SKU-1029,Product SKU-1029,A2,410,59,67,101,301
2024-06-01,SKU-1020,Product SKU-1020,B2,313,64,54,100,223
2024-04-24,SKU-1010,Product SKU-1010,B2,230,33,31,111,121
2024-03-11,SKU-1049,Product SKU-1049,C1,248,80,30,65,233
2024-04-22,SKU-1004,Product SKU-1004,B1,120,34,42,70,42
2024-05-18,SKU-1005,Product SKU-1005,A2,77,29,49,118,-61
2024-02-09,SKU-1045,Product SKU-1045,A2,32,53,52,72,-39
2024-05-18,SKU-1029,Product SKU-1029,B2,31,26,53,79,-75
2024-05-29,SKU-1044,Product SKU-1044,A1,438,73,48,91,372
2024-01-02,SKU-1022,Product SKU-1022,B1,385,49,53,98,283
2024-05-19,SKU-1038,Product SKU-1038,A2,249,28,34,85,158
2024-05-04,SKU-1001,Product SKU-1001,B2,172,51,21,89,113
2024-02-02,SKU-1039,Product SKU-1039,C1,13,50,75,102,-114
2024-06-18,SKU-1001,Product SKU-1001,A1,329,54,17,89,277
2024-02-16,SKU-1003,Product SKU-1003,B1,194,41,27,88,120
2024-03-24,SKU-1021,Product SKU-1021,B2,142,53,32,40,123
2024-04-30,SKU-1001,Product SKU-1001,C1,26,44,28,113,-71
2024-01-18,SKU-1049,Product SKU-1049,A1,386,3,31,55,303
2024-01-06,SKU-1039,Product SKU-1039,A2,122,16,60,115,-37
2024-01-30,SKU-1036,Product SKU-1036,A2,238,32,47,51,172
2024-06-04,SKU-1038,Product SKU-1038,A1,398,20,39,43,336
2024-05-28,SKU-1001,Product SKU-1001,B1,294,48,50,55,237
2024-01-20,SKU-1037,Product SKU-1037,A2,52,38,76,45,-31
2024-05-24,SKU-1002,Product SKU-1002,B1,272,54,47,38,241
2024-05-09,SKU-1041,Product SKU-1041,B1,6,53,62,43,-46
2024-04-20,SKU-1023,Product SKU-1023,B2,362,19,55,52,274
2024-05-13,SKU-1041,Product SKU-1041,B1,315,68,61,89,233
2024-04-21,SKU-1046,Product SKU-1046,C1,137,41,31,41,106
2024-03-12,SKU-1028,Product SKU-1028,A2,384,59,72,108,263
2024-06-20,SKU-1024,Product SKU-1024,B1,14,63,41,53,-17
2024-05-04,SKU-1013,Product SKU-1013,B1,408,33,43,65,333
2024-06-01,SKU-1044,Product SKU-1044,B1,284,1,66,54,165
2024-01-22,SKU-1015,Product SKU-1015,B2,250,71,30,118,173
2024-05-01,SKU-1041,Product SKU-1041,B2,229,2,11,67,153
2024-02-26,SKU-1025,Product SKU-1025,A2,156,74,47,90,93
2024-05-21,SKU-1033,Product SKU-1033,B1,217,70,42,75,170
2024-06-28,SKU-1029,Product SKU-1029,B1,156,32,29,45,114
2024-02-19,SKU-1020,Product SKU-1020,A1,380,68,23,54,371
2024-02-25,SKU-1047,Product SKU-1047,B2,141,75,67,106,43
2024-03-13,SKU-1006,Product SKU-1006,A2,151,29,46,52,82
2024-03-18,SKU-1000,Product SKU-1000,C1,64,35,5,36,58
2024-05-21,SKU-1018,Product SKU-1018,A2,326,62,13,31,344
2024-05-26,SKU-1018,Product SKU-1018,B2,245,56,43,53,205
2024-01-14,SKU-1016,Product SKU-1016,B2,58,8,51,92,-77
2024-01-19,SKU-1036,Product SKU-1036,A1,77,19,72,68,-44
2024-01-22,SKU-1015,Product SKU-1015,A1,285,53,77,106,155
2024-06-07,SKU-1014,Product SKU-1014,C1,194,57,56,68,127
2024-05-30,SKU-1027,Product SKU-1027,B1,291,79,7,108,255
2024-01-26,SKU-1048,Product SKU-1048,A2,320,27,33,114,200
2024-01-21,SKU-1010,Product SKU-1010,A2,88,70,9,50,99
2024-01-01,SKU-1026,Product SKU-1026,B2,352,76,60,67,301
2024-01-09,SKU-1014,Product SKU-1014,B1,361,36,58,39,300
2024-06-24,SKU-1014,Product SKU-1014,B1,403,80,75,114,294
2024-02-20,SKU-1027,Product SKU-1027,A1,278,28,19,64,223
2024-02-06,SKU-1004,Product SKU-1004,A1,84,39,76,102,-55
2024-03-14,SKU-1028,Product SKU-1028,A1,239,38,51,64,162
2024-05-08,SKU-1034,Product SKU-1034,B2,224,10,76,35,123
2024-04-20,SKU-1047,Product SKU-1047,B1,309,32,3,41,297
2024-02-28,SKU-1043,Product SKU-1043,C1,300,2,34,103,165
2024-01-11,SKU-1048,Product SKU-1048,A2,240,66,56,65,185
2024-02-16,SKU-1037,Product SKU-1037,B2,325,62,11,90,286
2024-03-30,SKU-1026,Product SKU-1026,B1,164,13,20,72,85
2024-04-15,SKU-1044,Product SKU-1044,B2,147,51,70,34,94
2024-04-26,SKU-1005,Product SKU-1005,B1,129,41,14,81,75
2024-05-11,SKU-1000,Product SKU-1000,C1,236,52,6,54,228
2024-05-12,SKU-1023,Product SKU-1023,C1,387,63,80,86,284
2024-01-14,SKU-1013,Product SKU-1013,B1,281,16,36,86,175
2024-06-27,SKU-1031,Product SKU-1031,A1,14,80,77,60,-43
2024-02-10,SKU-1019,Product SKU-1019,C1,7,70,52,41,-16
2024-02-27,SKU-1007,Product SKU-1007,B2,484,15,19,93,387
2024-03-15,SKU-1032,Product SKU-1032,B1,212,61,60,61,152
2024-04-26,SKU-1035,Product SKU-1035,A2,196,24,76,95,49
2024-02-04,SKU-1004,Product SKU-1004,B1,395,53,43,94,311
2024-03-09,SKU-1000,Product SKU-1000,B1,371,38,75,104,230
2024-06-17,SKU-1031,Product SKU-1031,A2,228,68,61,74,161
2024-03-26,SKU-1035,Product SKU-1035,C1,193,58,41,54,156
2024-06-27,SKU-1015,Product SKU-1015,C1,196,29,52,35,138
2024-03-22,SKU-1047,Product SKU-1047,B2,361,48,49,114,246
2024-06-15,SKU-1009,Product SKU-1009,B2,493,4,16,94,387
2024-05-31,SKU-1021,Product SKU-1021,A1,447,56,12,97,394
2024-04-26,SKU-1000,Product SKU-1000,A2,209,19,9,90,129
2024-03-08,SKU-1021,Product SKU-1021,C1,354,50,10,72,322
2024-06-21,SKU-1034,Product SKU-1034,B2,488,40,80,92,356
2024-05-18,SKU-1002,Product SKU-1002,C1,35,30,80,117,-132
2024-03-14,SKU-1014,Product SKU-1014,A1,222,12,12,86,136
2024-02-12,SKU-1044,Product SKU-1044,B1,462,3,5,71,389
2024-01-15,SKU-1018,Product SKU-1018,B1,191,55,18,61,167
2024-05-15,SKU-1026,Product SKU-1026,C1,349,23,21,52,299
2024-01-21,SKU-1039,Product SKU-1039,B2,317,30,63,104,180
2024-02-06,SKU-1014,Product SKU-1014,B2,326,32,58,62,238
2024-06-19,SKU-1000,Product SKU-1000,B2,461,36,69,50,378
2024-01-19,SKU-1028,Product SKU-1028,B1,300,38,54,118,166
2024-03-05,SKU-1029,Product SKU-1029,B1,101,49,61,43,46
2024-03-01,SKU-1024,Product SKU-1024,C1,183,73,37,119,100
2024-03-16,SKU-1001,Product SKU-1001,B2,140,1,72,117,-48
2024-01-13,SKU-1038,Product SKU-1038,B2,426,36,29,107,326
2024-03-31,SKU-1014,Product SKU-1014,A2,317,32,17,110,222
2024-01-25,SKU-1040,Product SKU-1040,A1,158,56,4,104,106
2024-04-03,SKU-1046,Product SKU-1046,A2,46,37,41,83,-41
2024-02-14,SKU-1012,Product SKU-1012,A2,402,69,46,97,328
2024-05-08,SKU-1017,Product SKU-1017,A2,131,61,37,73,82
2024-01-30,SKU-1029,Product SKU-1029,A1,72,28,50,101,-51
2024-04-03,SKU-1005,Product SKU-1005,B2,7,33,68,45,-73
2024-04-26,SKU-1023,Product SKU-1023,B1,299,48,47,43,257
2024-06-21,SKU-1014,Product SKU-1014,B2,12,79,71,71,-51
2024-06-05,SKU-1014,Product SKU-1014,A1,325,59,38,113,233
2024-04-14,SKU-1007,Product SKU-1007,A2,23,4,38,93,-104
2024-01-30,SKU-1006,Product SKU-1006,A2,454,68,17,79,426
2024-04-26,SKU-1023,Product SKU-1023,C1,214,75,19,83,187
2024-06-16,SKU-1006,Product SKU-1006,B2,315,52,35,34,298
2024-06-25,SKU-1023,Product SKU-1023,A2,227,56,30,76,177
2024-01-26,SKU-1043,Product SKU-1043,B1,278,45,7,80,236
2024-03-11,SKU-1012,Product SKU-1012,A1,485,58,11,114,418
2024-02-24,SKU-1041,Product SKU-1041,C1,497,2,6,72,421
2024-03-03,SKU-1008,Product SKU-1008,C1,105,8,70,56,-13
2024-05-30,SKU-1013,Product SKU-1013,A2,168,18,76,30,80
2024-03-11,SKU-1009,Product SKU-1009,A2,276,32,22,44,242
2024-06-18,SKU-1001,Product SKU-1001,A2,7,45,30,105,-83
2024-03-23,SKU-1001,Product SKU-1001,A2,135,6,16,83,42
2024-05-14,SKU-1007,Product SKU-1007,A1,243,57,46,95,159
2024-05-31,SKU-1006,Product SKU-1006,B2,257,28,78,35,172
2024-06-17,SKU-1033,Product SKU-1033,B1,234,3,7,91,139
2024-04-12,SKU-1027,Product SKU-1027,A1,251,56,9,40,258
2024-03-23,SKU-1038,Product SKU-1038,A2,33,16,35,109,-95
2024-06-11,SKU-1037,Product SKU-1037,C1,364,41,48,106,251
2024-05-15,SKU-1018,Product SKU-1018,B2,258,77,55,42,238
2024-06-28,SKU-1007,Product SKU-1007,C1,369,27,55,87,254
2024-02-28,SKU-1026,Product SKU-1026,B1,423,58,51,83,347
2024-01-25,SKU-1020,Product SKU-1020,B2,160,32,47,49,96
2024-06-24,SKU-1030,Product SKU-1030,A1,46,10,11,85,-40
2024-01-25,SKU-1047,Product SKU-1047,B1,415,16,71,37,323
2024-05-30,SKU-1035,Product SKU-1035,C1,168,15,52,75,56
2024-06-19,SKU-1048,Product SKU-1048,B2,444,6,36,106,308
2024-03-20,SKU-1022,Product SKU-1022,A1,295,64,27,49,283
2024-06-17,SKU-1030,Product SKU-1030,A2,433,13,44,101,301
2024-04-04,SKU-1007,Product SKU-1007,B1,293,28,54,101,166
2024-06-08,SKU-1039,Product SKU-1039,C1,13,77,34,33,23
2024-02-16,SKU-1017,Product SKU-1017,B1,471,43,44,30,440
2024-02-16,SKU-1009,Product SKU-1009,C1,336,51,8,48,331
2024-06-11,SKU-1001,Product SKU-1001,A1,382,67,27,78,344
2024-04-17,SKU-1029,Product SKU-1029,B1,80,47,39,71,17
2024-05-25,SKU-1038,Product SKU-1038,A1,452,6,19,50,389
2024-06-07,SKU-1003,Product SKU-1003,A1,139,56,54,92,49
2024-06-04,SKU-1028,Product SKU-1028,B2,139,27,65,44,57
2024-03-29,SKU-1027,Product SKU-1027,A1,145,75,62,97,61
2024-06-19,SKU-1019,Product SKU-1019,A1,112,50,76,37,49
2024-01-02,SKU-1013,Product SKU-1013,B1,484,27,17,62,432
2024-03-15,SKU-1020,Product SKU-1020,A1,3,63,55,52,-41
2024-02-03,SKU-1024,Product SKU-1024,C1,360,29,64,101,224
2024-06-20,SKU-1022,Product SKU-1022,A1,203,5,55,32,121
2024-04-27,SKU-1004,Product SKU-1004,B1,294,54,73,81,194
2024-06-12,SKU-1026,Product SKU-1026,B1,58,51,2,71,36
2024-02-13,SKU-1039,Product SKU-1039,B2,425,46,11,85,375
2024-01-28,SKU-1015,Product SKU-1015,B2,301,51,67,40,245
2024-04-11,SKU-1019,Product SKU-1019,B1,113,42,21,39,95
2024-05-10,SKU-1040,Product SKU-1040,A1,271,65,24,74,238
2024-03-30,SKU-1046,Product SKU-1046,A2,120,13,18,62,53
2024-02-20,SKU-1011,Product SKU-1011,C1,78,9,22,110,-45
2024-05-06,SKU-1029,Product SKU-1029,C1,389,74,57,117,289
2024-05-24,SKU-1041,Product SKU-1041,C1,165,80,40,49,156
2024-04-22,SKU-1004,Product SKU-1004,B2,226,80,38,65,203
2024-05-31,SKU-1003,Product SKU-1003,B1,259,9,39,89,140
2024-04-25,SKU-1002,Product SKU-1002,A1,188,36,9,112,103
2024-01-24,SKU-1039,Product SKU-1039,C1,259,49,59,104,145
2024-05-21,SKU-1047,Product SKU-1047,A1,230,73,24,71,208
2024-06-03,SKU-1030,Product SKU-1030,C1,77,7,57,43,-16
2024-03-28,SKU-1045,Product SKU-1045,A1,258,22,5,61,214
2024-04-22,SKU-1028,Product SKU-1028,C1,267,78,20,76,249
2024-04-05,SKU-1018,Product SKU-1018,B2,209,43,76,36,140
2024-06-10,SKU-1041,Product SKU-1041,B1,33,42,12,101,-38
2024-06-22,SKU-1024,Product SKU-1024,B1,129,77,19,72,115
2024-01-21,SKU-1037,Product SKU-1037,A2,469,44,39,113,361
2024-06-27,SKU-1042,Product SKU-1042,B2,66,76,10,69,63
2024-05-23,SKU-1024,Product SKU-1024,B1,416,16,67,41,324
2024-06-14,SKU-1042,Product SKU-1042,B2,260,46,2,76,228
2024-03-20,SKU-1011,Product SKU-1011,A2,174,62,24,58,154
2024-02-05,SKU-1009,Product SKU-1009,A1,151,12,64,99,0
2024-05-14,SKU-1002,Product SKU-1002,B1,448,79,16,106,405
2024-04-06,SKU-1009,Product SKU-1009,A2,92,79,21,86,64
2024-01-12,SKU-1026,Product SKU-1026,B1,346,30,56,108,212
2024-03-13,SKU-1048,Product SKU-1048,B2,119,68,30,69,88
2024-04-30,SKU-1012,Product SKU-1012,B1,347,73,56,89,275
2024-03-13,SKU-1049,Product SKU-1049,B2,257,67,53,50,221
2024-02-21,SKU-1038,Product SKU-1038,A2,446,32,6,112,360
2024-05-03,SKU-1023,Product SKU-1023,C1,478,13,66,45,380
2024-03-13,SKU-1005,Product SKU-1005,A2,139,57,65,48,83
2024-04-21,SKU-1005,Product SKU-1005,A2,418,57,44,33,398
2024-04-16,SKU-1003,Product SKU-1003,B2,257,47,30,79,195
2024-01-21,SKU-1023,Product SKU-1023,A2,14,40,12,113,-71
2024-03-26,SKU-1009,Product SKU-1009,A2,19,36,60,119,-124
2024-02-05,SKU-1048,Product SKU-1048,B2,229,78,0,40,267
2024-01-05,SKU-1016,Product SKU-1016,A2,427,19,70,107,269
2024-05-15,SKU-1027,Product SKU-1027,A1,397,36,30,68,335
2024-02-01,SKU-1003,Product SKU-1003,A2,214,79,58,38,197
2024-01-29,SKU-1031,Product SKU-1031,C1,274,2,80,95,101
2024-05-27,SKU-1015,Product SKU-1015,A2,149,54,0,108,95
2024-03-31,SKU-1015,Product SKU-1015,C1,213,23,10,97,129
2024-04-02,SKU-1004,Product SKU-1004,C1,278,64,64,100,178
2024-01-06,SKU-1024,Product SKU-1024,B2,22,49,47,62,-38
2024-01-05,SKU-1022,Product SKU-1022,A1,176,30,80,43,83
2024-05-28,SKU-1047,Product SKU-1047,B1,68,5,45,99,-71
2024-03-27,SKU-1041,Product SKU-1041,A2,425,59,61,110,313
2024-02-16,SKU-1008,Product SKU-1008,A1,366,58,4,67,353
2024-02-21,SKU-1002,Product SKU-1002,A2,453,5,40,69,349
2024-05-11,SKU-1025,Product SKU-1025,C1,242,32,4,112,158
2024-02-18,SKU-1018,Product SKU-1018,B1,441,6,42,64,341
2024-02-01,SKU-1023,Product SKU-1023,B2,455,51,56,79,371
2024-03-27,SKU-1011,Product SKU-1011,B2,354,63,47,96,274
2024-03-09,SKU-1005,Product SKU-1005,B2,40,55,77,53,-35
2024-05-19,SKU-1018,Product SKU-1018,B1,52,10,41,114,-93
2024-03-16,SKU-1019,Product SKU-1019,B2,308,54,21,118,223
2024-04-23,SKU-1022,Product SKU-1022,B2,21,45,78,85,-97
2024-03-11,SKU-1040,Product SKU-1040,A1,38,51,46,95,-52
2024-06-22,SKU-1010,Product SKU-1010,A1,73,77,56,34,60
2024-02-02,SKU-1004,Product SKU-1004,A2,398,46,46,79,319
2024-05-25,SKU-1002,Product SKU-1002,C1,78,57,47,77,11
2024-04-23,SKU-1048,Product SKU-1048,A1,293,17,67,76,167
2024-04-11,SKU-1020,Product SKU-1020,B1,127,14,3,53,85
2024-05-07,SKU-1033,Product SKU-1033,B2,467,71,15,63,460
2024-03-07,SKU-1045,Product SKU-1045,B2,109,78,36,118,33
2024-05-05,SKU-1012,Product SKU-1012,A1,69,9,57,52,-31
2024-04-23,SKU-1005,Product SKU-1005,B1,341,44,8,100,277
2024-05-18,SKU-1018,Product SKU-1018,B1,435,20,22,76,357
2024-05-10,SKU-1014,Product SKU-1014,A1,102,17,30,93,-4
2024-01-07,SKU-1023,Product SKU-1023,C1,293,47,59,100,181
2024-02-03,SKU-1039,Product SKU-1039,A1,33,39,50,91,-69
2024-05-14,SKU-1026,Product SKU-1026,B2,421,73,9,46,439
2024-03-22,SKU-1041,Product SKU-1041,A1,230,59,66,74,149
2024-02-02,SKU-1049,Product SKU-1049,C1,327,75,23,46,333
2024-04-20,SKU-1032,Product SKU-1032,A1,425,15,66,49,325
2024-03-18,SKU-1010,Product SKU-1010,A2,165,28,44,96,53
2024-03-13,SKU-1005,Product SKU-1005,B1,100,70,35,46,89
2024-06-09,SKU-1019,Product SKU-1019,C1,273,11,64,112,108
2024-02-13,SKU-1037,Product SKU-1037,C1,78,21,79,107,-87
2024-03-27,SKU-1036,Product SKU-1036,A1,422,3,10,35,380
2024-06-13,SKU-1049,Product SKU-1049,C1,135,26,73,83,5
2024-06-07,SKU-1040,Product SKU-1040,A1,254,80,69,67,198
2024-06-13,SKU-1019,Product SKU-1019,B2,125,51,38,88,50
2024-01-19,SKU-1044,Product SKU-1044,A1,80,56,53,91,-8
2024-04-28,SKU-1013,Product SKU-1013,B1,310,18,40,70,218
2024-03-29,SKU-1025,Product SKU-1025,A2,389,47,65,101,270
2024-01-28,SKU-1020,Product SKU-1020,A2,238,15,34,87,132
2024-03-04,SKU-1009,Product SKU-1009,A1,25,37,49,108,-95
2024-04-17,SKU-1015,Product SKU-1015,A2,416,41,73,70,314
2024-02-18,SKU-1048,Product SKU-1048,A2,255,65,59,93,168
2024-03-19,SKU-1031,Product SKU-1031,A1,46,50,64,88,-56
2024-03-02,SKU-1013,Product SKU-1013,C1,180,6,6,66,114
2024-05-06,SKU-1038,Product SKU-1038,B2,146,68,1,43,170
2024-04-20,SKU-1008,Product SKU-1008,B1,372,46,51,76,291
2024-01-12,SKU-1025,Product SKU-1025,A1,291,71,24,76,262
2024-05-21,SKU-1018,Product SKU-1018,A1,197,64,57,100,104
2024-03-12,SKU-1039,Product SKU-1039,C1,60,16,12,80,-16
2024-04-05,SKU-1021,Product SKU-1021,C1,480,46,18,55,453
2024-06-03,SKU-1032,Product SKU-1032,B2,256,5,5,34,222
2024-02-05,SKU-1045,Product SKU-1045,B1,411,60,66,88,317
2024-02-08,SKU-1038,Product SKU-1038,C1,71,41,78,70,-36
2024-02-11,SKU-1025,Product SKU-1025,C1,378,38,75,73,268
2024-05-09,SKU-1032,Product SKU-1032,C1,250,72,38,90,194
2024-01-05,SKU-1023,Product SKU-1023,B1,344,14,53,104,201
2024-03-19,SKU-1046,Product SKU-1046,A1,305,60,33,113,219
2024-05-28,SKU-1036,Product SKU-1036,A2,369,6,74,91,210
2024-02-13,SKU-1033,Product SKU-1033,C1,396,48,18,117,309
2024-03-03,SKU-1002,Product SKU-1002,C1,485,14,24,32,443
2024-04-22,SKU-1020,Product SKU-1020,B2,77,52,26,82,21
2024-05-08,SKU-1049,Product SKU-1049,C1,471,60,7,120,404
2024-02-05,SKU-1033,Product SKU-1033,A2,287,41,61,97,170
2024-04-06,SKU-1020,Product SKU-1020,A2,235,68,43,99,161
2024-03-31,SKU-1043,Product SKU-1043,B1,312,61,24,61,288
2024-03-12,SKU-1035,Product SKU-1035,B1,115,38,36,120,-3
2024-02-23,SKU-1044,Product SKU-1044,B2,162,61,44,101,78
2024-03-11,SKU-1018,Product SKU-1018,A1,293,69,48,80,234
2024-03-29,SKU-1049,Product SKU-1049,A2,148,5,36,40,77
2024-03-29,SKU-1028,Product SKU-1028,B1,382,61,27,55,361
2024-05-17,SKU-1017,Product SKU-1017,C1,356,34,17,43,330
2024-06-06,SKU-1047,Product SKU-1047,C1,122,31,6,115,32
2024-05-15,SKU-1014,Product SKU-1014,A2,26,12,52,72,-86
2024-04-30,SKU-1006,Product SKU-1006,A2,2,70,20,82,-30
2024-06-16,SKU-1030,Product SKU-1030,B2,333,25,36,71,251
2024-03-14,SKU-1041,Product SKU-1041,A1,464,11,73,59,343
2024-05-16,SKU-1047,Product SKU-1047,A1,467,22,53,52,384
2024-01-10,SKU-1025,Product SKU-1025,B2,95,37,4,31,97
2024-03-17,SKU-1036,Product SKU-1036,C1,54,42,36,88,-28
2024-06-13,SKU-1034,Product SKU-1034,C1,252,17,64,89,116
2024-03-10,SKU-1012,Product SKU-1012,A1,169,20,58,112,19
2024-03-06,SKU-1045,Product SKU-1045,A2,7,43,37,102,-89
2024-06-21,SKU-1048,Product SKU-1048,A2,89,78,51,84,32
2024-05-11,SKU-1020,Product SKU-1020,A1,205,12,23,47,147
2024-05-02,SKU-1020,Product SKU-1020,A2,3,33,49,60,-73
2024-04-24,SKU-1048,Product SKU-1048,B1,488,42,38,104,388
2024-05-26,SKU-1000,Product SKU-1000,B1,334,46,30,37,313
2024-06-19,SKU-1007,Product SKU-1007,B2,157,20,51,117,9
2024-05-08,SKU-1045,Product SKU-1045,B1,353,15,37,77,254
2024-06-06,SKU-1014,Product SKU-1014,A2,490,17,61,49,397
2024-04-26,SKU-1047,Product SKU-1047,C1,191,53,70,90,84
2024-05-17,SKU-1042,Product SKU-1042,A2,390,31,76,40,305
2024-05-14,SKU-1028,Product SKU-1028,C1,360,46,9,102,295
2024-01-29,SKU-1003,Product SKU-1003,C1,462,64,25,103,398
2024-05-17,SKU-1009,Product SKU-1009,A2,167,66,56,44,133
2024-06-23,SKU-1013,Product SKU-1013,C1,250,11,65,87,109
2024-01-15,SKU-1029,Product SKU-1029,A2,262,53,58,102,155
2024-01-15,SKU-1035,Product SKU-1035,B2,344,39,2,80,301
2024-03-06,SKU-1000,Product SKU-1000,A2,296,9,5,84,216
2024-03-29,SKU-1044,Product SKU-1044,A1,277,7,8,90,186
2024-01-09,SKU-1018,Product SKU-1018,B2,92,17,53,77,-21
2024-04-07,SKU-1028,Product SKU-1028,B2,192,10,69,47,86
2024-06-16,SKU-1022,Product SKU-1022,A1,91,68,50,97,12
2024-02-02,SKU-1046,Product SKU-1046,A2,427,0,2,68,357
2024-04-28,SKU-1043,Product SKU-1043,C1,217,68,48,59,178
2024-03-04,SKU-1029,Product SKU-1029,B1,79,35,24,44,46
2024-01-09,SKU-1042,Product SKU-1042,B2,314,2,30,56,230
2024-01-18,SKU-1006,Product SKU-1006,C1,17,57,76,116,-118
2024-01-13,SKU-1015,Product SKU-1015,A1,205,56,29,99,133
2024-02-25,SKU-1048,Product SKU-1048,A1,71,64,37,59,39
2024-05-27,SKU-1020,Product SKU-1020,C1,306,41,30,68,249
2024-02-06,SKU-1042,Product SKU-1042,C1,113,52,38,65,62
2024-01-16,SKU-1035,Product SKU-1035,C1,450,22,80,116,276
2024-04-19,SKU-1035,Product SKU-1035,B2,24,44,48,97,-77
2024-03-22,SKU-1044,Product SKU-1044,B2,209,19,38,78,112
2024-02-17,SKU-1048,Product SKU-1048,C1,242,30,28,68,176
2024-02-06,SKU-1029,Product SKU-1029,A1,287,52,53,101,185
2024-05-15,SKU-1008,Product SKU-1008,B2,124,32,26,72,58
2024-06-14,SKU-1005,Product SKU-1005,B2,433,47,11,98,371
2024-02-18,SKU-1003,Product SKU-1003,B1,193,77,77,35,158
2024-01-19,SKU-1012,Product SKU-1012,C1,370,71,27,91,323
2024-02-23,SKU-1021,Product SKU-1021,B1,489,1,27,54,409
2024-01-31,SKU-1047,Product SKU-1047,B2,468,31,77,120,302
2024-02-22,SKU-1025,Product SKU-1025,A2,282,41,36,78,209
2024-04-29,SKU-1034,Product SKU-1034,B1,157,33,46,95,49
2024-05-07,SKU-1029,Product SKU-1029,A1,411,60,40,56,375
2024-04-04,SKU-1020,Product SKU-1020,B2,23,72,28,48,19
2024-01-05,SKU-1016,Product SKU-1016,C1,478,74,74,83,395
2024-03-16,SKU-1009,Product SKU-1009,A2,168,29,48,102,47
2024-03-03,SKU-1031,Product SKU-1031,C1,335,43,32,92,254
2024-06-13,SKU-1047,Product SKU-1047,B2,235,21,45,51,160
2024-02-05,SKU-1046,Product SKU-1046,C1,250,23,69,112,92
2024-01-16,SKU-1033,Product SKU-1033,A1,429,9,6,30,402
2024-04-15,SKU-1008,Product SKU-1008,A2,34,19,1,57,-5
2024-05-09,SKU-1029,Product SKU-1029,B1,30,79,78,91,-60
2024-06-17,SKU-1031,Product SKU-1031,A1,3,68,70,82,-81
2024-01-04,SKU-1001,Product SKU-1001,C1,369,35,68,66,270
2024-01-05,SKU-1032,Product SKU-1032,B2,412,22,13,42,379
2024-05-14,SKU-1009,Product SKU-1009,A2,98,79,67,62,48
2024-03-31,SKU-1017,Product SKU-1017,B2,40,47,51,88,-52
2024-05-24,SKU-1015,Product SKU-1015,A2,153,10,4,41,118
2024-04-13,SKU-1024,Product SKU-1024,B2,282,60,7,111,224
2024-01-03,SKU-1044,Product SKU-1044,A2,42,63,55,112,-62
2024-03-25,SKU-1036,Product SKU-1036,A1,458,67,5,59,461
2024-02-24,SKU-1044,Product SKU-1044,C1,243,34,5,39,233
2024-06-24,SKU-1017,Product SKU-1017,C1,288,4,22,70,200
2024-01-05,SKU-1013,Product SKU-1013,C1,73,50,9,68,46
2024-02-11,SKU-1036,Product SKU-1036,A2,290,49,69,72,198
2024-04-08,SKU-1048,Product SKU-1048,A2,404,10,64,74,276
2024-01-14,SKU-1006,Product SKU-1006,B2,118,9,43,107,-23
2024-06-06,SKU-1038,Product SKU-1038,B2,496,41,3,111,423
2024-03-10,SKU-1028,Product SKU-1028,B2,116,45,70,78,13
2024-04-20,SKU-1011,Product SKU-1011,C1,338,48,10,109,267
2024-03-16,SKU-1015,Product SKU-1015,A1,42,34,19,78,-21
2024-06-11,SKU-1009,Product SKU-1009,B2,162,46,13,41,154
2024-01-02,SKU-1019,Product SKU-1019,B2,184,34,13,46,159
2024-01-23,SKU-1011,Product SKU-1011,B2,229,71,71,95,134
2024-04-14,SKU-1006,Product SKU-1006,A1,45,45,70,41,-21
2024-06-01,SKU-1038,Product SKU-1038,B1,442,49,1,67,423
2024-04-15,SKU-1024,Product SKU-1024,A1,371,71,31,103,308
2024-05-13,SKU-1010,Product SKU-1010,B2,86,17,34,68,1
2024-03-09,SKU-1031,Product SKU-1031,A2,32,21,55,65,-67
2024-04-17,SKU-1019,Product SKU-1019,B2,400,9,46,62,301
2024-03-04,SKU-1046,Product SKU-1046,B2,304,78,25,88,269
2024-01-28,SKU-1008,Product SKU-1008,B1,3,50,42,109,-98
2024-04-07,SKU-1021,Product SKU-1021,B2,171,55,76,47,103
2024-03-17,SKU-1020,Product SKU-1020,C1,485,25,61,70,379
2024-02-15,SKU-1025,Product SKU-1025,B1,149,62,73,61,77
2024-03-24,SKU-1024,Product SKU-1024,B1,418,50,46,44,378
2024-05-24,SKU-1012,Product SKU-1012,C1,279,23,70,33,199
2024-04-28,SKU-1045,Product SKU-1045,A2,224,37,8,82,171
2024-06-21,SKU-1031,Product SKU-1031,A2,324,38,30,62,270
2024-06-17,SKU-1009,Product SKU-1009,B2,404,48,9,87,356
2024-06-02,SKU-1030,Product SKU-1030,C1,205,68,64,118,91
2024-04-17,SKU-1034,Product SKU-1034,A1,404,46,68,106,276
2024-06-12,SKU-1005,Product SKU-1005,A1,393,31,45,51,328
2024-06-14,SKU-1039,Product SKU-1039,A1,288,51,42,85,212
2024-01-28,SKU-1000,Product SKU-1000,A1,132,28,65,96,-1
2024-05-22,SKU-1037,Product SKU-1037,C1,113,57,47,80,43
2024-04-28,SKU-1049,Product SKU-1049,C1,353,64,19,74,324
2024-01-07,SKU-1030,Product SKU-1030,A1,151,53,10,44,150
2024-02-06,SKU-1022,Product SKU-1022,B1,175,58,26,96,111
2024-05-03,SKU-1022,Product SKU-1022,B2,49,56,57,70,-22
2024-01-18,SKU-1019,Product SKU-1019,A1,414,14,2,73,353
2024-06-14,SKU-1006,Product SKU-1006,A2,476,31,66,52,389
2024-05-21,SKU-1010,Product SKU-1010,B1,286,54,59,59,222
2024-04-13,SKU-1040,Product SKU-1040,A2,95,55,50,33,67
2024-06-06,SKU-1012,Product SKU-1012,B2,303,54,49,30,278
2024-02-24,SKU-1013,Product SKU-1013,B1,385,8,73,43,277
2024-05-17,SKU-1011,Product SKU-1011,B1,166,25,58,44,89
2024-03-08,SKU-1042,Product SKU-1042,B2,270,40,76,79,155
2024-06-05,SKU-1025,Product SKU-1025,C1,58,44,45,88,-31
2024-06-07,SKU-1011,Product SKU-1011,B1,470,78,75,40,433
2024-06-21,SKU-1008,Product SKU-1008,B1,60,30,39,44,7
2024-02-16,SKU-1023,Product SKU-1023,A2,261,49,53,106,151
2024-02-05,SKU-1036,Product SKU-1036,B2,216,23,62,111,66
2024-05-17,SKU-1044,Product SKU-1044,A2,284,21,62,66,177
2024-02-05,SKU-1011,Product SKU-1011,B1,431,57,79,36,373
2024-04-01,SKU-1000,Product SKU-1000,B2,69,24,49,101,-57
2024-05-09,SKU-1041,Product SKU-1041,B2,209,62,53,120,98
2024-04-23,SKU-1031,Product SKU-1031,A2,42,72,3,58,53
2024-03-15,SKU-1002,Product SKU-1002,B1,115,68,36,51,96
2024-04-27,SKU-1036,Product SKU-1036,B2,281,65,14,103,229
2024-01-30,SKU-1017,Product SKU-1017,C1,421,46,69,35,363
2024-04-22,SKU-1034,Product SKU-1034,A2,217,13,31,68,131
2024-01-09,SKU-1028,Product SKU-1028,B1,178,11,56,45,88
2024-03-01,SKU-1013,Product SKU-1013,C1,352,44,78,110,208
2024-04-19,SKU-1010,Product SKU-1010,C1,71,26,26,37,34
2024-05-25,SKU-1022,Product SKU-1022,C1,143,76,68,51,100
2024-03-23,SKU-1045,Product SKU-1045,B1,148,73,34,95,92
2024-06-22,SKU-1006,Product SKU-1006,A2,492,52,7,65,472
2024-06-16,SKU-1008,Product SKU-1008,A2,127,18,41,61,43
2024-06-22,SKU-1025,Product SKU-1025,B2,72,73,80,64,1
2024-06-09,SKU-1026,Product SKU-1026,B2,231,9,11,81,148
2024-05-11,SKU-1047,Product SKU-1047,B1,355,47,58,92,252
2024-03-24,SKU-1037,Product SKU-1037,A1,444,11,58,111,286
2024-06-19,SKU-1044,Product SKU-1044,B1,435,8,68,80,295
2024-02-25,SKU-1027,Product SKU-1027,A2,253,34,41,66,180
2024-03-27,SKU-1035,Product SKU-1035,C1,66,72,62,73,3
2024-06-23,SKU-1048,Product SKU-1048,A1,23,12,80,88,-133
2024-01-05,SKU-1007,Product SKU-1007,A2,225,58,0,84,199
2024-02-21,SKU-1044,Product SKU-1044,A2,451,38,20,65,404
2024-01-24,SKU-1041,Product SKU-1041,B1,128,10,47,115,-24
2024-06-15,SKU-1010,Product SKU-1010,A1,202,80,39,119,124
2024-02-29,SKU-1027,Product SKU-1027,A1,360,12,0,57,315
2024-05-02,SKU-1004,Product SKU-1004,A2,303,28,66,117,148
2024-04-23,SKU-1000,Product SKU-1000,A1,356,43,15,84,300
2024-06-26,SKU-1008,Product SKU-1008,B2,36,29,49,41,-25
2024-01-27,SKU-1006,Product SKU-1006,B1,188,38,17,78,131
2024-02-04,SKU-1041,Product SKU-1041,A2,35,67,72,31,-1
2024-06-05,SKU-1041,Product SKU-1041,A2,225,44,27,110,132
2024-02-08,SKU-1026,Product SKU-1026,C1,351,56,27,41,339
2024-01-26,SKU-1008,Product SKU-1008,A1,301,49,44,84,222
2024-03-21,SKU-1008,Product SKU-1008,A2,141,10,31,100,20
2024-06-02,SKU-1038,Product SKU-1038,C1,145,3,38,56,54
2024-05-12,SKU-1038,Product SKU-1038,C1,96,50,37,112,-3
2024-01-14,SKU-1015,Product SKU-1015,B2,197,14,30,93,88
2024-06-12,SKU-1038,Product SKU-1038,A1,270,1,46,70,155
2024-02-03,SKU-1024,Product SKU-1024,C1,215,46,69,117,75
2024-02-14,SKU-1048,Product SKU-1048,B2,488,9,2,105,390
2024-01-18,SKU-1000,Product SKU-1000,B1,110,5,7,80,28
2024-05-09,SKU-1018,Product SKU-1018,C1,392,53,54,119,272
2024-04-12,SKU-1005,Product SKU-1005,C1,275,78,19,65,269
2024-01-22,SKU-1019,Product SKU-1019,A1,261,26,19,98,170
2024-03-24,SKU-1025,Product SKU-1025,C1,324,8,39,119,174
2024-04-21,SKU-1046,Product SKU-1046,A2,29,31,11,85,-36
2024-01-30,SKU-1029,Product SKU-1029,C1,311,7,39,115,164
2024-06-17,SKU-1047,Product SKU-1047,A2,61,1,17,119,-74
2024-01-03,SKU-1010,Product SKU-1010,B2,487,44,66,96,369
2024-03-07,SKU-1010,Product SKU-1010,B1,64,34,15,33,50
2024-03-26,SKU-1027,Product SKU-1027,B1,268,8,33,103,140
2024-06-09,SKU-1004,Product SKU-1004,B2,233,65,46,37,215
2024-05-07,SKU-1036,Product SKU-1036,A2,188,20,32,43,133
2024-05-26,SKU-1043,Product SKU-1043,A1,116,65,0,35,146
2024-01-04,SKU-1015,Product SKU-1015,A1,241,46,49,49,189
2024-02-15,SKU-1002,Product SKU-1002,C1,411,53,28,71,365
2024-03-04,SKU-1026,Product SKU-1026,B1,138,9,73,77,-3
2024-01-31,SKU-1032,Product SKU-1032,A1,91,28,66,35,18
2024-04-12,SKU-1004,Product SKU-1004,B2,443,36,39,71,369
2024-01-23,SKU-1035,Product SKU-1035,B2,4,47,25,67,-41
2024-05-24,SKU-1019,Product SKU-1019,C1,124,59,47,105,31
2024-05-06,SKU-1049,Product SKU-1049,A2,375,69,31,49,364
2024-01-02,SKU-1026,Product SKU-1026,A1,119,69,44,111,33
2024-06-26,SKU-1000,Product SKU-1000,B1,0,48,39,43,-34
2024-02-22,SKU-1033,Product SKU-1033,A2,214,62,7,48,221
2024-03-12,SKU-1005,Product SKU-1005,A1,471,29,66,82,352
2024-06-28,SKU-1023,Product SKU-1023,B2,498,10,74,42,392
2024-05-09,SKU-1008,Product SKU-1008,B2,38,75,72,37,4
2024-04-21,SKU-1042,Product SKU-1042,A2,121,37,33,70,55
2024-04-10,SKU-1044,Product SKU-1044,B1,162,57,34,59,126
2024-01-20,SKU-1012,Product SKU-1012,A2,399,74,13,49,411
2024-01-28,SKU-1010,Product SKU-1010,B2,238,40,52,45,181
2024-05-17,SKU-1022,Product SKU-1022,A2,231,39,59,63,148
2024-01-31,SKU-1005,Product SKU-1005,A2,413,38,77,35,339
2024-02-25,SKU-1020,Product SKU-1020,A2,46,31,45,80,-48
2024-05-11,SKU-1003,Product SKU-1003,B1,133,22,3,81,71
2024-04-25,SKU-1035,Product SKU-1035,C1,127,12,59,43,37
2024-02-05,SKU-1007,Product SKU-1007,A1,31,28,16,55,-12
2024-04-12,SKU-1023,Product SKU-1023,A1,298,75,33,39,301
2024-01-06,SKU-1004,Product SKU-1004,A2,462,56,16,41,461
2024-03-25,SKU-1007,Product SKU-1007,A1,482,59,6,51,484
2024-05-26,SKU-1027,Product SKU-1027,B2,254,3,48,117,92
2024-04-19,SKU-1011,Product SKU-1011,B1,109,23,35,65,32
2024-04-24,SKU-1009,Product SKU-1009,A1,314,79,78,61,254
2024-06-14,SKU-1018,Product SKU-1018,B2,210,70,61,37,182
2024-01-23,SKU-1017,Product SKU-1017,B2,70,53,25,112,-14
2024-05-14,SKU-1015,Product SKU-1015,C1,406,2,48,75,285
2024-05-02,SKU-1034,Product SKU-1034,B2,176,72,64,71,113
2024-04-09,SKU-1017,Product SKU-1017,A2,13,40,76,58,-81
2024-01-08,SKU-1049,Product SKU-1049,B1,29,60,67,75,-53
2024-05-29,SKU-1014,Product SKU-1014,A2,51,31,30,64,-12
2024-05-16,SKU-1047,Product SKU-1047,A1,391,28,73,79,267
2024-03-31,SKU-1011,Product SKU-1011,A2,121,75,40,119,37
2024-04-01,SKU-1037,Product SKU-1037,A1,360,45,72,102,231
2024-02-06,SKU-1036,Product SKU-1036,A2,428,63,69,69,353
2024-02-14,SKU-1031,Product SKU-1031,A1,46,7,29,107,-83
2024-02-26,SKU-1001,Product SKU-1001,C1,244,0,42,108,94
2024-02-21,SKU-1008,Product SKU-1008,B1,367,22,41,37,311
2024-01-06,SKU-1009,Product SKU-1009,C1,360,18,14,97,267
2024-04-03,SKU-1004,Product SKU-1004,B1,360,50,75,42,293
2024-03-27,SKU-1019,Product SKU-1019,B1,69,20,55,111,-77
2024-05-04,SKU-1041,Product SKU-1041,B1,89,71,78,75,7
2024-02-27,SKU-1042,Product SKU-1042,C1,417,22,48,69,322
2024-06-25,SKU-1018,Product SKU-1018,A2,90,0,73,80,-63
2024-05-25,SKU-1002,Product SKU-1002,A2,308,40,78,58,212
2024-06-12,SKU-1036,Product SKU-1036,A1,479,63,18,72,452
2024-01-20,SKU-1015,Product SKU-1015,B1,163,21,11,120,53
2024-06-20,SKU-1040,Product SKU-1040,B1,228,1,33,56,140
2024-03-04,SKU-1044,Product SKU-1044,A1,179,32,13,30,168
2024-01-13,SKU-1024,Product SKU-1024,B2,375,53,21,82,325
2024-05-06,SKU-1024,Product SKU-1024,B1,279,48,12,91,224
2024-05-27,SKU-1041,Product SKU-1041,A2,83,57,9,34,97
2024-03-16,SKU-1001,Product SKU-1001,B1,133,13,9,73,64
2024-02-13,SKU-1024,Product SKU-1024,A2,374,9,70,41,272
2024-03-27,SKU-1038,Product SKU-1038,C1,457,61,3,85,430
2024-06-16,SKU-1010,Product SKU-1010,C1,455,55,20,36,454
2024-01-26,SKU-1021,Product SKU-1021,A2,498,24,52,119,351
2024-05-21,SKU-1046,Product SKU-1046,C1,135,36,38,60,73
2024-01-25,SKU-1003,Product SKU-1003,B2,292,70,62,49,251
2024-01-14,SKU-1023,Product SKU-1023,A1,218,11,37,114,78
2024-06-09,SKU-1038,Product SKU-1038,B2,102,12,3,56,55
2024-02-13,SKU-1040,Product SKU-1040,B1,500,10,60,44,406
2024-03-19,SKU-1025,Product SKU-1025,B2,250,33,11,112,160
2024-05-19,SKU-1024,Product SKU-1024,A2,189,48,47,53,137
2024-04-24,SKU-1002,Product SKU-1002,B1,225,59,33,58,193
2024-03-09,SKU-1036,Product SKU-1036,A1,77,12,10,115,-36
2024-03-29,SKU-1034,Product SKU-1034,B2,497,75,29,100,443
2024-01-16,SKU-1024,Product SKU-1024,C1,214,68,60,103,119
2024-03-01,SKU-1030,Product SKU-1030,B1,40,50,4,94,-8
2024-05-26,SKU-1033,Product SKU-1033,C1,346,79,18,45,362
2024-04-24,SKU-1011,Product SKU-1011,A2,497,27,24,46,454
2024-01-11,SKU-1027,Product SKU-1027,A1,349,55,25,110,269
2024-02-07,SKU-1038,Product SKU-1038,B1,163,8,11,79,81
2024-05-22,SKU-1025,Product SKU-1025,C1,166,35,66,88,47
2024-01-04,SKU-1044,Product SKU-1044,C1,300,66,53,44,269
2024-04-16,SKU-1009,Product SKU-1009,A2,290,75,74,42,249
2024-01-28,SKU-1036,Product SKU-1036,A1,402,36,68,74,296
2024-04-15,SKU-1016,Product SKU-1016,B2,335,62,73,107,217
2024-05-01,SKU-1002,Product SKU-1002,A2,141,51,18,109,65
2024-06-04,SKU-1043,Product SKU-1043,B2,19,50,42,118,-91
2024-03-01,SKU-1003,Product SKU-1003,B2,471,34,47,32,426
2024-03-27,SKU-1019,Product SKU-1019,B1,143,62,12,59,134
2024-02-04,SKU-1019,Product SKU-1019,B2,396,41,34,83,320
2024-06-03,SKU-1041,Product SKU-1041,A1,96,56,27,82,43
2024-05-04,SKU-1048,Product SKU-1048,C1,444,47,7,95,389
2024-02-10,SKU-1004,Product SKU-1004,B1,363,64,51,47,329
2024-05-14,SKU-1036,Product SKU-1036,A1,88,24,25,37,50
2024-03-04,SKU-1002,Product SKU-1002,B2,25,46,25,65,-19
2024-04-04,SKU-1029,Product SKU-1029,C1,203,15,3,60,155
2024-04-05,SKU-1031,Product SKU-1031,C1,228,22,60,105,85
2024-05-21,SKU-1022,Product SKU-1022,B1,83,33,11,66,39
2024-01-08,SKU-1024,Product SKU-1024,A1,83,73,27,58,71
2024-06-14,SKU-1014,Product SKU-1014,A2,137,52,65,32,92
2024-06-23,SKU-1000,Product SKU-1000,B2,466,16,22,106,354
2024-01-03,SKU-1014,Product SKU-1014,B1,311,39,35,84,231
2024-04-06,SKU-1022,Product SKU-1022,B2,129,27,59,68,29
2024-06-22,SKU-1033,Product SKU-1033,C1,203,74,13,30,234
2024-05-10,SKU-1042,Product SKU-1042,B1,287,76,77,66,220
2024-03-17,SKU-1043,Product SKU-1043,A1,246,8,43,65,146
2024-06-12,SKU-1020,Product SKU-1020,B1,133,38,24,49,98
2024-05-12,SKU-1048,Product SKU-1048,A2,460,7,76,81,310
2024-06-18,SKU-1020,Product SKU-1020,A2,369,3,63,67,242
2024-03-07,SKU-1026,Product SKU-1026,B2,198,4,74,120,8
2024-05-26,SKU-1012,Product SKU-1012,B1,371,28,68,111,220
2024-05-01,SKU-1042,Product SKU-1042,B1,259,38,21,114,162
2024-05-22,SKU-1011,Product SKU-1011,B1,49,60,16,63,30
2024-05-23,SKU-1048,Product SKU-1048,A2,484,42,11,58,457
2024-03-31,SKU-1014,Product SKU-1014,B1,215,42,47,63,147
2024-05-29,SKU-1018,Product SKU-1018,B2,435,15,60,36,354
2024-06-11,SKU-1037,Product SKU-1037,C1,483,79,9,90,463
2024-02-19,SKU-1032,Product SKU-1032,A1,444,48,67,68,357
2024-04-15,SKU-1003,Product SKU-1003,A2,70,25,43,82,-30
2024-05-25,SKU-1029,Product SKU-1029,A2,161,23,10,92,82
2024-03-26,SKU-1040,Product SKU-1040,A2,160,7,0,87,80
2024-03-11,SKU-1013,Product SKU-1013,A2,295,20,62,41,212
2024-02-03,SKU-1039,Product SKU-1039,B2,324,54,51,84,243
2024-05-02,SKU-1024,Product SKU-1024,A1,19,68,25,77,-15
2024-01-04,SKU-1020,Product SKU-1020,C1,97,2,0,110,-11
2024-03-04,SKU-1014,Product SKU-1014,B1,159,16,13,79,83
2024-05-08,SKU-1037,Product SKU-1037,B1,85,8,5,68,20
2024-03-15,SKU-1029,Product SKU-1029,C1,305,67,43,85,244
2024-06-24,SKU-1008,Product SKU-1008,B1,461,62,45,54,424
2024-02-12,SKU-1025,Product SKU-1025,A1,116,28,16,57,71
2024-01-06,SKU-1037,Product SKU-1037,C1,86,15,46,113,-58
2024-01-10,SKU-1024,Product SKU-1024,B1,394,68,79,36,347
2024-06-01,SKU-1003,Product SKU-1003,A1,334,2,6,118,212
2024-01-30,SKU-1026,Product SKU-1026,B2,194,15,70,62,77
2024-05-01,SKU-1044,Product SKU-1044,A2,105,80,1,68,116
2024-04-17,SKU-1042,Product SKU-1042,A1,339,66,34,109,262
2024-06-04,SKU-1044,Product SKU-1044,A2,214,13,65,109,53
2024-01-31,SKU-1018,Product SKU-1018,A1,401,13,63,55,296
2024-06-04,SKU-1012,Product SKU-1012,B1,425,66,25,75,391
2024-04-14,SKU-1018,Product SKU-1018,A2,20,70,63,56,-29
2024-06-25,SKU-1030,Product SKU-1030,B1,120,0,1,115,4
2024-01-23,SKU-1007,Product SKU-1007,C1,342,63,19,41,345
2024-05-10,SKU-1004,Product SKU-1004,A1,463,32,29,88,378
2024-03-16,SKU-1016,Product SKU-1016,B2,25,12,22,35,-20
2024-03-15,SKU-1023,Product SKU-1023,B1,218,14,12,35,185
2024-01-03,SKU-1008,Product SKU-1008,A2,168,45,56,109,48
2024-03-09,SKU-1046,Product SKU-1046,A1,190,43,23,44,166
2024-04-12,SKU-1025,Product SKU-1025,B2,139,49,61,83,44
2024-06-15,SKU-1010,Product SKU-1010,A1,67,7,20,43,11
2024-04-16,SKU-1037,Product SKU-1037,B2,410,72,56,53,373
2024-06-05,SKU-1024,Product SKU-1024,B1,313,3,16,91,209
2024-05-04,SKU-1007,Product SKU-1007,B2,225,5,8,63,159
2024-06-16,SKU-1020,Product SKU-1020,A1,360,67,73,102,252
2024-02-27,SKU-1042,Product SKU-1042,B1,265,66,79,42,210
2024-04-20,SKU-1042,Product SKU-1042,A2,246,44,49,49,192
2024-05-22,SKU-1039,Product SKU-1039,A1,5,20,64,90,-129
2024-05-06,SKU-1010,Product SKU-1010,A1,384,62,41,60,345
2024-03-25,SKU-1017,Product SKU-1017,A1,259,28,70,112,105
2024-04-06,SKU-1025,Product SKU-1025,A2,40,58,56,103,-61
2024-04-24,SKU-1005,Product SKU-1005,B2,228,40,15,93,160
2024-06-16,SKU-1001,Product SKU-1001,A1,206,52,4,101,153
2024-05-20,SKU-1000,Product SKU-1000,A1,405,77,79,111,292
2024-03-18,SKU-1032,Product SKU-1032,C1,105,58,43,76,44
2024-01-14,SKU-1014,Product SKU-1014,B2,169,71,79,106,55
2024-05-01,SKU-1045,Product SKU-1045,B1,366,57,14,42,367
2024-06-17,SKU-1014,Product SKU-1014,A1,174,45,37,100,82
2024-05-13,SKU-1023,Product SKU-1023,A1,23,21,63,47,-66
2024-04-14,SKU-1006,Product SKU-1006,B1,312,25,24,45,268
2024-04-10,SKU-1013,Product SKU-1013,B2,422,24,43,43,360
2024-04-16,SKU-1002,Product SKU-1002,C1,63,57,58,114,-52
2024-05-30,SKU-1032,Product SKU-1032,A2,493,63,0,97,459
2024-01-13,SKU-1035,Product SKU-1035,B2,429,74,61,95,347
2024-02-15,SKU-1044,Product SKU-1044,C1,88,16,13,79,12
2024-06-17,SKU-1038,Product SKU-1038,C1,451,41,64,79,349
2024-04-17,SKU-1038,Product SKU-1038,A2,140,50,43,67,80
2024-04-25,SKU-1008,Product SKU-1008,A2,211,77,65,68,155
2024-06-28,SKU-1035,Product SKU-1035,B1,364,70,80,57,297
2024-02-21,SKU-1013,Product SKU-1013,C1,365,37,44,116,242
2024-02-03,SKU-1045,Product SKU-1045,A2,257,69,41,120,165
2024-01-30,SKU-1048,Product SKU-1048,B1,287,61,74,103,171
2024-06-19,SKU-1045,Product SKU-1045,B2,345,68,36,84,293
2024-01-04,SKU-1033,Product SKU-1033,A1,12,48,18,36,6
2024-06-20,SKU-1003,Product SKU-1003,A2,136,20,36,117,3
2024-03-05,SKU-1009,Product SKU-1009,A1,353,37,26,99,265
2024-01-09,SKU-1022,Product SKU-1022,B2,52,78,71,58,1
2024-06-14,SKU-1035,Product SKU-1035,B2,121,65,36,118,32
2024-06-19,SKU-1003,Product SKU-1003,B2,198,53,40,100,111
2024-01-14,SKU-1000,Product SKU-1000,B1,103,79,56,58,68
2024-06-11,SKU-1045,Product SKU-1045,B1,386,75,69,107,285
2024-02-20,SKU-1049,Product SKU-1049,A2,150,57,22,117,68
2024-01-20,SKU-1011,Product SKU-1011,A2,376,65,15,78,348
2024-01-11,SKU-1027,Product SKU-1027,B1,284,33,16,50,251
2024-05-29,SKU-1016,Product SKU-1016,A1,169,59,19,35,174
2024-02-09,SKU-1020,Product SKU-1020,C1,26,80,78,114,-86
2024-03-18,SKU-1031,Product SKU-1031,C1,281,45,9,120,197
2024-03-22,SKU-1033,Product SKU-1033,A2,489,23,66,38,408
2024-05-09,SKU-1010,Product SKU-1010,B2,278,68,51,41,254
2024-03-30,SKU-1014,Product SKU-1014,A2,339,42,42,76,263
2024-03-16,SKU-1013,Product SKU-1013,C1,271,60,71,113,147
2024-01-03,SKU-1007,Product SKU-1007,B1,228,30,78,109,71
2024-03-03,SKU-1002,Product SKU-1002,B1,195,14,49,62,98
2024-05-18,SKU-1046,Product SKU-1046,B1,12,66,47,95,-64
2024-05-10,SKU-1028,Product SKU-1028,B2,22,37,24,71,-36
2024-05-11,SKU-1005,Product SKU-1005,A1,85,68,68,30,55
2024-06-09,SKU-1004,Product SKU-1004,A2,343,80,27,117,279
2024-04-18,SKU-1006,Product SKU-1006,A2,275,55,9,117,204
2024-02-09,SKU-1001,Product SKU-1001,B2,367,42,4,41,364
2024-01-19,SKU-1003,Product SKU-1003,A2,406,32,71,39,328
2024-05-27,SKU-1014,Product SKU-1014,B1,208,49,57,110,90
2024-04-13,SKU-1027,Product SKU-1027,B1,8,49,15,98,-56
2024-01-02,SKU-1041,Product SKU-1041,C1,32,74,5,119,-18
2024-01-19,SKU-1022,Product SKU-1022,C1,54,37,38,107,-54
2024-01-23,SKU-1018,Product SKU-1018,B2,195,50,3,90,152
2024-02-10,SKU-1034,Product SKU-1034,A2,69,50,69,67,-17
2024-06-11,SKU-1009,Product SKU-1009,B1,346,47,1,100,292
2024-05-22,SKU-1009,Product SKU-1009,A1,21,0,73,106,-158
2024-04-10,SKU-1034,Product SKU-1034,C1,484,10,39,56,399
2024-03-29,SKU-1013,Product SKU-1013,B2,463,65,18,50,460
2024-02-17,SKU-1014,Product SKU-1014,C1,427,32,24,44,391
2024-02-16,SKU-1042,Product SKU-1042,C1,436,6,70,89,283
2024-06-14,SKU-1035,Product SKU-1035,A1,148,8,32,42,82
2024-02-20,SKU-1046,Product SKU-1046,C1,249,42,45,46,200
2024-06-20,SKU-1041,Product SKU-1041,A2,51,36,79,38,-30
2024-02-19,SKU-1020,Product SKU-1020,B2,230,42,78,114,80
2024-03-19,SKU-1044,Product SKU-1044,C1,78,72,72,76,2
2024-03-21,SKU-1027,Product SKU-1027,A2,2,40,31,58,-47
2024-06-13,SKU-1027,Product SKU-1027,B1,430,46,17,116,343
2024-03-25,SKU-1030,Product SKU-1030,B2,228,45,39,92,142
2024-05-21,SKU-1006,Product SKU-1006,A2,330,77,10,65,332
2024-02-05,SKU-1034,Product SKU-1034,A2,134,80,9,39,166
2024-01-05,SKU-1032,Product SKU-1032,A1,416,74,74,81,335
2024-05-31,SKU-1013,Product SKU-1013,A1,282,33,69,99,147
2024-04-30,SKU-1041,Product SKU-1041,A2,187,50,28,105,104
2024-03-15,SKU-1008,Product SKU-1008,B2,256,65,11,80,230
2024-04-03,SKU-1032,Product SKU-1032,A1,339,30,78,117,174
2024-02-12,SKU-1048,Product SKU-1048,C1,71,57,20,52,56
2024-05-24,SKU-1036,Product SKU-1036,A2,376,61,45,35,357
2024-02-26,SKU-1048,Product SKU-1048,B2,118,8,33,77,16
2024-02-29,SKU-1002,Product SKU-1002,A2,265,46,49,90,172
2024-04-26,SKU-1002,Product SKU-1002,A1,332,41,13,120,240
2024-05-13,SKU-1040,Product SKU-1040,B1,427,33,74,99,287
2024-05-25,SKU-1011,Product SKU-1011,B2,334,48,46,105,231
2024-06-16,SKU-1004,Product SKU-1004,C1,128,48,28,96,52
2024-04-13,SKU-1022,Product SKU-1022,B1,249,61,77,30,203
2024-05-08,SKU-1008,Product SKU-1008,B2,84,29,9,95,9
2024-06-13,SKU-1017,Product SKU-1017,A2,76,23,20,76,3
2024-06-03,SKU-1045,Product SKU-1045,A1,338,29,53,72,242
2024-01-30,SKU-1030,Product SKU-1030,B2,245,26,75,50,146
2024-06-14,SKU-1026,Product SKU-1026,A1,124,5,16,103,10
2024-05-31,SKU-1010,Product SKU-1010,A2,322,65,5,103,279
2024-02-07,SKU-1003,Product SKU-1003,A2,132,23,66,81,8
2024-06-02,SKU-1036,Product SKU-1036,A1,449,36,10,57,418
2024-04-24,SKU-1038,Product SKU-1038,B2,444,61,21,58,426
2024-04-15,SKU-1038,Product SKU-1038,A2,406,74,23,109,348
2024-06-17,SKU-1032,Product SKU-1032,B1,85,43,58,106,-36
2024-05-31,SKU-1004,Product SKU-1004,A2,193,49,16,43,183
2024-01-05,SKU-1012,Product SKU-1012,C1,440,64,53,49,402
2024-06-04,SKU-1006,Product SKU-1006,A2,243,78,76,34,211
2024-05-16,SKU-1032,Product SKU-1032,A1,47,61,16,107,-15
2024-05-18,SKU-1000,Product SKU-1000,B2,267,53,47,35,238
2024-06-27,SKU-1033,Product SKU-1033,B2,117,61,48,74,56
2024-05-30,SKU-1047,Product SKU-1047,C1,50,54,17,62,25
2024-05-02,SKU-1049,Product SKU-1049,A2,465,10,36,106,333
2024-05-19,SKU-1026,Product SKU-1026,B1,96,0,0,103,-7
2024-05-13,SKU-1007,Product SKU-1007,C1,3,48,26,118,-93
2024-03-21,SKU-1026,Product SKU-1026,B1,54,19,54,113,-94
2024-05-29,SKU-1016,Product SKU-1016,B1,437,68,54,102,349
2024-04-03,SKU-1039,Product SKU-1039,B1,348,50,26,82,290
2024-05-21,SKU-1035,Product SKU-1035,B2,91,47,71,101,-34
2024-05-03,SKU-1016,Product SKU-1016,B1,295,44,50,47,242
2024-06-17,SKU-1007,Product SKU-1007,A2,228,20,12,57,179
2024-05-10,SKU-1025,Product SKU-1025,B1,410,70,78,119,283
2024-06-24,SKU-1045,Product SKU-1045,A1,82,49,0,41,90
2024-02-07,SKU-1030,Product SKU-1030,C1,222,11,8,63,162
2024-02-26,SKU-1023,Product SKU-1023,A1,311,4,49,81,185
2024-06-06,SKU-1041,Product SKU-1041,C1,146,76,7,52,163
2024-06-12,SKU-1031,Product SKU-1031,B2,5,25,66,66,-102
2024-02-19,SKU-1002,Product SKU-1002,C1,261,66,29,108,190
2024-02-13,SKU-1043,Product SKU-1043,A1,184,30,0,50,164
2024-01-23,SKU-1017,Product SKU-1017,B2,180,50,51,105,74
2024-02-21,SKU-1033,Product SKU-1033,A1,377,8,11,100,274
2024-03-13,SKU-1046,Product SKU-1046,C1,468,74,44,74,424
2024-03-11,SKU-1014,Product SKU-1014,C1,493,24,58,81,378
2024-05-27,SKU-1000,Product SKU-1000,B1,89,52,64,43,34
2024-05-23,SKU-1004,Product SKU-1004,C1,150,43,14,95,84
2024-03-06,SKU-1034,Product SKU-1034,C1,128,56,48,102,34
2024-05-03,SKU-1049,Product SKU-1049,A2,387,43,58,117,255
2024-04-27,SKU-1037,Product SKU-1037,A1,246,14,33,38,189
2024-04-07,SKU-1040,Product SKU-1040,A2,346,29,40,82,253
2024-03-31,SKU-1033,Product SKU-1033,C1,4,33,31,66,-60
2024-01-24,SKU-1025,Product SKU-1025,B1,38,70,22,90,-4
2024-03-21,SKU-1022,Product SKU-1022,A2,457,73,34,53,443
2024-06-23,SKU-1012,Product SKU-1012,B2,377,25,30,60,312
2024-03-08,SKU-1013,Product SKU-1013,A2,103,31,79,75,-20
2024-02-09,SKU-1049,Product SKU-1049,A1,61,10,63,108,-100
2024-01-02,SKU-1048,Product SKU-1048,C1,490,5,61,77,357
2024-06-07,SKU-1020,Product SKU-1020,B2,459,73,35,92,405
2024-02-16,SKU-1048,Product SKU-1048,C1,143,50,28,103,62
2024-02-02,SKU-1003,Product SKU-1003,C1,409,54,61,99,303
2024-01-09,SKU-1032,Product SKU-1032,B1,201,22,58,45,120
2024-06-27,SKU-1033,Product SKU-1033,B2,161,1,1,116,45
2024-02-23,SKU-1024,Product SKU-1024,C1,51,41,46,108,-62
2024-03-07,SKU-1011,Product SKU-1011,C1,134,30,34,90,40
2024-06-05,SKU-1021,Product SKU-1021,B1,94,63,54,56,47
2024-04-17,SKU-1044,Product SKU-1044,B1,186,51,35,87,115
2024-02-16,SKU-1036,Product SKU-1036,A2,294,29,12,64,247
2024-03-01,SKU-1035,Product SKU-1035,B2,438,48,25,48,413
2024-02-08,SKU-1030,Product SKU-1030,A1,90,53,63,47,33
2024-06-10,SKU-1033,Product SKU-1033,C1,368,40,62,68,278
2024-03-05,SKU-1035,Product SKU-1035,C1,24,50,12,118,-56
2024-02-11,SKU-1003,Product SKU-1003,A2,416,32,60,110,278
2024-01-25,SKU-1028,Product SKU-1028,B1,133,46,46,101,32
2024-05-22,SKU-1016,Product SKU-1016,B1,10,52,15,74,-27
2024-06-22,SKU-1038,Product SKU-1038,A2,295,73,68,52,248
2024-03-13,SKU-1022,Product SKU-1022,B1,344,65,62,87,260
2024-01-21,SKU-1024,Product SKU-1024,C1,146,59,80,48,77
2024-02-12,SKU-1040,Product SKU-1040,B1,215,80,78,103,114
2024-04-13,SKU-1004,Product SKU-1004,A1,82,43,29,70,26
2024-03-22,SKU-1041,Product SKU-1041,B1,363,34,77,112,208
2024-04-11,SKU-1017,Product SKU-1017,B2,399,46,75,96,274
2024-04-25,SKU-1026,Product SKU-1026,A2,94,2,16,60,20
2024-06-18,SKU-1016,Product SKU-1016,A1,107,21,50,43,35
2024-01-25,SKU-1004,Product SKU-1004,B2,280,6,3,80,203
2024-05-14,SKU-1048,Product SKU-1048,A1,53,33,79,49,-42
2024-01-22,SKU-1041,Product SKU-1041,B2,158,29,31,66,90
2024-04-23,SKU-1040,Product SKU-1040,A2,67,67,21,33,80
2024-01-09,SKU-1042,Product SKU-1042,B1,440,41,60,89,332
2024-05-18,SKU-1017,Product SKU-1017,C1,227,17,69,52,123
2024-05-31,SKU-1038,Product SKU-1038,B2,323,72,55,97,243
2024-06-12,SKU-1040,Product SKU-1040,C1,158,44,61,99,42
2024-02-28,SKU-1005,Product SKU-1005,B2,157,46,52,63,88
2024-02-09,SKU-1019,Product SKU-1019,A1,0,66,17,74,-25
2024-03-14,SKU-1030,Product SKU-1030,C1,4,62,61,68,-63
2024-01-03,SKU-1049,Product SKU-1049,B2,408,37,76,59,310
2024-01-02,SKU-1035,Product SKU-1035,B1,96,52,71,85,-8
2024-04-11,SKU-1015,Product SKU-1015,A2,366,49,48,58,309
2024-03-08,SKU-1005,Product SKU-1005,B2,320,30,66,108,176
2024-06-26,SKU-1043,Product SKU-1043,B1,145,68,34,82,97
2024-02-18,SKU-1004,Product SKU-1004,A2,69,37,14,111,-19
2024-04-26,SKU-1039,Product SKU-1039,B2,139,79,62,54,102
2024-03-23,SKU-1001,Product SKU-1001,A2,25,68,2,53,38
2024-01-27,SKU-1018,Product SKU-1018,B1,64,56,1,59,60
2024-01-24,SKU-1009,Product SKU-1009,A1,252,27,43,83,153
2024-03-20,SKU-1031,Product SKU-1031,B1,237,4,42,40,159
2024-02-07,SKU-1003,Product SKU-1003,B1,397,50,9,99,339
2024-04-30,SKU-1011,Product SKU-1011,A2,458,32,48,31,411
2024-02-01,SKU-1049,Product SKU-1049,A2,197,56,31,34,188
2024-02-20,SKU-1029,Product SKU-1029,A1,266,26,60,79,153
2024-06-23,SKU-1019,Product SKU-1019,B1,81,80,5,100,56
2024-05-13,SKU-1007,Product SKU-1007,B1,246,38,25,76,183
2024-01-14,SKU-1042,Product SKU-1042,A2,498,14,30,111,371
2024-04-21,SKU-1020,Product SKU-1020,A1,85,35,74,45,1
2024-04-11,SKU-1015,Product SKU-1015,A1,496,5,74,118,309
2024-05-01,SKU-1044,Product SKU-1044,C1,79,47,11,61,54
2024-02-10,SKU-1031,Product SKU-1031,A1,351,79,43,110,277
2024-01-16,SKU-1003,Product SKU-1003,B1,330,19,68,43,238
2024-02-02,SKU-1031,Product SKU-1031,A2,162,71,44,86,103
2024-02-19,SKU-1001,Product SKU-1001,B2,183,17,32,35,133
2024-05-04,SKU-1045,Product SKU-1045,B2,286,37,69,119,135
2024-05-05,SKU-1012,Product SKU-1012,C1,95,69,44,71,49
2024-04-29,SKU-1017,Product SKU-1017,C1,468,70,20,38,480
2024-05-15,SKU-1009,Product SKU-1009,B2,151,33,69,76,39
2024-04-26,SKU-1000,Product SKU-1000,C1,194,23,2,109,106
2024-04-03,SKU-1049,Product SKU-1049,C1,122,41,8,114,41
2024-05-17,SKU-1024,Product SKU-1024,A2,268,63,70,49,212
2024-06-05,SKU-1018,Product SKU-1018,B1,209,41,14,42,194
2024-05-13,SKU-1042,Product SKU-1042,A1,22,16,22,34,-18
2024-02-21,SKU-1006,Product SKU-1006,B2,98,12,4,103,3
2024-06-13,SKU-1024,Product SKU-1024,B2,269,79,75,62,211
2024-01-13,SKU-1023,Product SKU-1023,A2,310,9,1,56,262
2024-06-16,SKU-1031,Product SKU-1031,A1,239,7,46,101,99
2024-04-16,SKU-1023,Product SKU-1023,A1,421,78,34,97,368
2024-01-11,SKU-1046,Product SKU-1046,A1,427,38,9,57,399
2024-05-12,SKU-1006,Product SKU-1006,A1,371,29,68,79,253
2024-02-18,SKU-1012,Product SKU-1012,C1,336,31,72,110,185
2024-02-15,SKU-1035,Product SKU-1035,C1,212,13,73,75,77
2024-06-21,SKU-1029,Product SKU-1029,B2,452,13,21,53,391
2024-05-20,SKU-1025,Product SKU-1025,C1,172,20,68,106,18
2024-04-23,SKU-1022,Product SKU-1022,B1,281,41,47,82,193
2024-06-11,SKU-1027,Product SKU-1027,B1,311,30,72,99,170
2024-02-24,SKU-1024,Product SKU-1024,C1,474,32,46,87,373
2024-04-24,SKU-1025,Product SKU-1025,A1,371,4,36,106,233
2024-01-05,SKU-1033,Product SKU-1033,A2,455,38,0,68,425
2024-02-26,SKU-1013,Product SKU-1013,B1,11,35,70,95,-119
2024-05-22,SKU-1036,Product SKU-1036,C1,79,12,4,88,-1
2024-04-01,SKU-1009,Product SKU-1009,A2,135,46,74,61,46
2024-02-29,SKU-1016,Product SKU-1016,B1,47,73,51,102,-33
2024-02-25,SKU-1046,Product SKU-1046,A1,370,41,61,52,298
2024-05-04,SKU-1044,Product SKU-1044,C1,419,12,76,112,243
2024-03-17,SKU-1002,Product SKU-1002,C1,195,10,7,72,126
2024-03-30,SKU-1027,Product SKU-1027,B2,476,15,29,113,349
2024-06-03,SKU-1000,Product SKU-1000,B2,27,39,67,35,-36
2024-03-22,SKU-1034,Product SKU-1034,C1,76,41,64,119,-66
2024-02-26,SKU-1009,Product SKU-1009,A1,344,50,57,106,231
2024-05-27,SKU-1032,Product SKU-1032,A1,113,55,37,80,51
2024-02-07,SKU-1008,Product SKU-1008,B1,42,60,73,36,-7
2024-05-20,SKU-1025,Product SKU-1025,B1,43,51,64,85,-55
2024-06-27,SKU-1008,Product SKU-1008,A2,246,71,25,92,200
2024-04-11,SKU-1041,Product SKU-1041,C1,100,71,78,97,-4
2024-03-04,SKU-1015,Product SKU-1015,A1,136,55,41,117,33
2024-05-27,SKU-1005,Product SKU-1005,A1,343,52,54,76,265
2024-03-30,SKU-1012,Product SKU-1012,B1,176,76,3,69,180
2024-02-13,SKU-1022,Product SKU-1022,C1,420,56,79,48,349
2024-04-22,SKU-1002,Product SKU-1002,A2,102,47,19,40,90
2024-01-29,SKU-1047,Product SKU-1047,A1,124,79,18,66,119
2024-01-04,SKU-1021,Product SKU-1021,A1,156,57,60,32,121
2024-03-25,SKU-1013,Product SKU-1013,C1,108,26,69,96,-31
2024-03-07,SKU-1035,Product SKU-1035,B2,318,18,2,78,256
2024-05-29,SKU-1042,Product SKU-1042,C1,22,32,21,37,-4
2024-03-13,SKU-1012,Product SKU-1012,C1,138,6,59,113,-28
2024-01-03,SKU-1004,Product SKU-1004,B2,338,34,46,43,283
2024-01-05,SKU-1018,Product SKU-1018,B2,118,48,65,120,-19
2024-01-26,SKU-1020,Product SKU-1020,B2,443,76,68,41,410
2024-02-17,SKU-1012,Product SKU-1012,C1,494,58,71,32,449
2024-01-11,SKU-1015,Product SKU-1015,C1,156,42,62,80,56
2024-02-10,SKU-1001,Product SKU-1001,B1,350,45,45,110,240
2024-03-18,SKU-1015,Product SKU-1015,C1,141,7,80,62,6
2024-04-09,SKU-1001,Product SKU-1001,C1,485,35,28,49,443
2024-03-28,SKU-1025,Product SKU-1025,A2,44,48,66,116,-90
2024-06-05,SKU-1040,Product SKU-1040,A2,213,30,73,49,121
2024-04-19,SKU-1019,Product SKU-1019,C1,168,57,69,46,110
2024-02-22,SKU-1041,Product SKU-1041,A2,297,69,25,47,294
2024-03-20,SKU-1044,Product SKU-1044,C1,465,17,55,48,379
2024-06-16,SKU-1036,Product SKU-1036,A2,162,8,71,98,1
2024-01-31,SKU-1011,Product SKU-1011,B1,429,18,3,70,374
2024-04-15,SKU-1026,Product SKU-1026,B1,226,35,19,54,188
2024-01-28,SKU-1008,Product SKU-1008,A2,13,78,78,64,-51
2024-06-04,SKU-1036,Product SKU-1036,C1,118,76,29,59,106
2024-06-24,SKU-1001,Product SKU-1001,B1,40,61,17,94,-10
2024-06-03,SKU-1030,Product SKU-1030,B1,94,49,62,90,-9
2024-02-05,SKU-1010,Product SKU-1010,A2,115,4,52,31,36
2024-03-10,SKU-1026,Product SKU-1026,A2,380,25,26,38,341
2024-02-15,SKU-1028,Product SKU-1028,C1,250,41,58,61,172
2024-04-19,SKU-1025,Product SKU-1025,A1,311,48,40,80,239
2024-06-05,SKU-1047,Product SKU-1047,C1,304,68,67,112,193
2024-01-10,SKU-1033,Product SKU-1033,A1,231,58,5,61,223
2024-05-12,SKU-1034,Product SKU-1034,B2,376,5,71,79,231
2024-05-12,SKU-1048,Product SKU-1048,A1,97,37,56,80,-2
2024-03-18,SKU-1049,Product SKU-1049,B1,236,21,54,67,136
2024-06-05,SKU-1003,Product SKU-1003,C1,462,18,59,112,309
2024-04-25,SKU-1005,Product SKU-1005,C1,57,23,74,119,-113
2024-05-19,SKU-1008,Product SKU-1008,B2,211,41,57,33,162
2024-02-15,SKU-1029,Product SKU-1029,C1,459,25,58,41,385
2024-03-05,SKU-1020,Product SKU-1020,A2,367,15,11,44,327
2024-04-25,SKU-1040,Product SKU-1040,B1,43,67,49,95,-34
2024-06-05,SKU-1010,Product SKU-1010,B2,281,48,5,51,273
2024-03-26,SKU-1036,Product SKU-1036,A2,83,18,22,36,43
2024-04-17,SKU-1019,Product SKU-1019,B1,373,57,36,110,284
2024-02-16,SKU-1007,Product SKU-1007,A2,491,25,0,109,407
2024-03-05,SKU-1000,Product SKU-1000,B2,254,63,69,30,218
2024-06-04,SKU-1031,Product SKU-1031,A2,111,75,60,88,38
2024-04-14,SKU-1028,Product SKU-1028,A1,307,76,0,61,322
2024-05-20,SKU-1017,Product SKU-1017,C1,321,71,26,36,330
2024-02-17,SKU-1009,Product SKU-1009,A1,334,44,4,48,326
2024-01-09,SKU-1042,Product SKU-1042,C1,429,77,38,72,396
2024-01-23,SKU-1003,Product SKU-1003,A1,213,22,20,116,99
2024-03-13,SKU-1039,Product SKU-1039,C1,293,71,22,88,254
2024-05-28,SKU-1023,Product SKU-1023,A1,47,38,41,77,-33
2024-04-07,SKU-1004,Product SKU-1004,B2,431,70,8,67,426
2024-04-30,SKU-1008,Product SKU-1008,A1,355,35,42,97,251
2024-04-15,SKU-1033,Product SKU-1033,A2,356,26,78,37,267
2024-01-28,SKU-1036,Product SKU-1036,C1,44,61,77,120,-92
2024-03-14,SKU-1027,Product SKU-1027,C1,434,40,33,97,344
2024-05-27,SKU-1039,Product SKU-1039,B1,474,16,78,102,310
2024-05-07,SKU-1033,Product SKU-1033,B2,252,23,78,59,138
2024-03-15,SKU-1012,Product SKU-1012,A1,60,3,59,110,-106
2024-01-31,SKU-1047,Product SKU-1047,A2,409,78,53,82,352
2024-01-12,SKU-1021,Product SKU-1021,B1,286,27,1,111,201
2024-02-21,SKU-1044,Product SKU-1044,B1,130,8,39,68,31
2024-05-09,SKU-1035,Product SKU-1035,B1,392,0,14,117,261
2024-03-26,SKU-1021,Product SKU-1021,B2,370,72,78,33,331
2024-02-14,SKU-1012,Product SKU-1012,B1,426,43,61,90,318
2024-01-10,SKU-1041,Product SKU-1041,A2,246,19,80,88,97
2024-05-17,SKU-1021,Product SKU-1021,B2,401,52,7,96,350
2024-03-17,SKU-1036,Product SKU-1036,B1,284,68,2,56,294
2024-05-27,SKU-1043,Product SKU-1043,B1,409,45,8,49,397
2024-03-12,SKU-1001,Product SKU-1001,B1,192,80,68,51,153
2024-05-26,SKU-1038,Product SKU-1038,B2,95,76,14,69,88
2024-03-21,SKU-1045,Product SKU-1045,A1,139,52,11,93,87
2024-03-01,SKU-1023,Product SKU-1023,B2,424,38,27,97,338
2024-03-18,SKU-1011,Product SKU-1011,A1,191,4,25,41,129
2024-04-23,SKU-1032,Product SKU-1032,A1,409,61,64,49,357
2024-02-18,SKU-1021,Product SKU-1021,B2,375,67,39,71,332
2024-02-06,SKU-1049,Product SKU-1049,A1,420,66,16,56,414
2024-01-10,SKU-1029,Product SKU-1029,B2,365,66,14,30,387
2024-03-20,SKU-1002,Product SKU-1002,C1,446,11,42,89,326
2024-01-12,SKU-1006,Product SKU-1006,C1,392,39,2,103,326
2024-03-20,SKU-1040,Product SKU-1040,A2,164,25,24,66,99
2024-03-11,SKU-1034,Product SKU-1034,B1,395,56,15,64,372
2024-02-08,SKU-1010,Product SKU-1010,B1,58,1,79,101,-121
2024-05-11,SKU-1006,Product SKU-1006,A2,277,44,70,70,181
2024-03-10,SKU-1009,Product SKU-1009,B1,293,31,21,39,264
2024-03-20,SKU-1039,Product SKU-1039,B1,276,56,6,46,280
2024-01-08,SKU-1030,Product SKU-1030,A1,54,49,6,41,56
2024-04-19,SKU-1025,Product SKU-1025,A2,360,76,75,110,251
2024-06-25,SKU-1044,Product SKU-1044,B2,315,45,39,72,249
2024-02-20,SKU-1045,Product SKU-1045,C1,40,59,72,46,-19
2024-01-24,SKU-1044,Product SKU-1044,B2,49,58,39,117,-49
2024-06-13,SKU-1045,Product SKU-1045,B2,240,29,28,48,193
2024-06-06,SKU-1016,Product SKU-1016,B1,200,23,42,71,110
2024-04-26,SKU-1031,Product SKU-1031,A1,33,60,14,74,5
2024-05-02,SKU-1029,Product SKU-1029,A2,144,44,77,103,8
2024-02-02,SKU-1032,Product SKU-1032,A1,207,13,41,101,78
2024-06-15,SKU-1004,Product SKU-1004,B1,272,59,51,105,175
2024-04-15,SKU-1015,Product SKU-1015,C1,124,70,20,91,83
2024-04-08,SKU-1004,Product SKU-1004,B1,106,75,55,85,41
2024-05-25,SKU-1021,Product SKU-1021,C1,355,30,22,114,249
2024-06-20,SKU-1004,Product SKU-1004,C1,428,62,14,105,371
2024-06-01,SKU-1029,Product SKU-1029,B1,284,12,56,52,188
2024-03-19,SKU-1025,Product SKU-1025,A1,306,13,76,78,165
2024-03-24,SKU-1031,Product SKU-1031,A1,46,27,17,104,-48
2024-06-11,SKU-1000,Product SKU-1000,A2,338,19,57,98,202
2024-03-15,SKU-1024,Product SKU-1024,C1,295,57,25,56,271
2024-06-23,SKU-1020,Product SKU-1020,B1,291,38,55,74,200
2024-01-23,SKU-1037,Product SKU-1037,A1,313,65,51,46,281
2024-03-16,SKU-1003,Product SKU-1003,B1,461,70,6,30,495
2024-05-23,SKU-1022,Product SKU-1022,A1,440,36,3,60,413
2024-04-20,SKU-1044,Product SKU-1044,C1,201,80,40,78,163
2024-04-13,SKU-1024,Product SKU-1024,B2,279,27,22,90,194
2024-02-05,SKU-1012,Product SKU-1012,C1,196,46,53,49,140
2024-03-14,SKU-1042,Product SKU-1042,A2,68,1,9,112,-52
2024-01-05,SKU-1009,Product SKU-1009,B2,336,55,17,40,334
2024-02-05,SKU-1041,Product SKU-1041,B2,440,58,77,84,337
2024-06-08,SKU-1011,Product SKU-1011,B2,260,54,70,87,157
2024-04-08,SKU-1022,Product SKU-1022,A2,95,54,77,30,42
2024-05-27,SKU-1031,Product SKU-1031,A2,364,64,34,82,312
2024-05-19,SKU-1036,Product SKU-1036,B1,17,4,72,91,-142
2024-04-04,SKU-1007,Product SKU-1007,C1,246,10,18,97,141
2024-03-12,SKU-1029,Product SKU-1029,C1,40,66,78,41,-13
2024-03-03,SKU-1030,Product SKU-1030,A1,350,69,74,69,276
2024-06-05,SKU-1003,Product SKU-1003,B1,273,1,60,88,126
2024-05-11,SKU-1030,Product SKU-1030,C1,375,42,53,75,289
2024-03-16,SKU-1018,Product SKU-1018,A2,18,76,38,102,-46
2024-03-07,SKU-1003,Product SKU-1003,B2,296,21,73,36,208
2024-06-17,SKU-1018,Product SKU-1018,C1,13,36,62,40,-53
2024-02-02,SKU-1032,Product SKU-1032,A1,435,35,32,46,392
2024-06-06,SKU-1017,Product SKU-1017,B1,439,32,1,44,426
2024-06-03,SKU-1011,Product SKU-1011,C1,378,19,57,77,263
2024-02-14,SKU-1016,Product SKU-1016,A2,248,23,67,34,170
2024-03-28,SKU-1005,Product SKU-1005,A2,304,19,63,82,178
2024-04-08,SKU-1015,Product SKU-1015,B2,371,21,26,103,263
2024-03-29,SKU-1003,Product SKU-1003,B1,386,14,6,51,343
2024-04-28,SKU-1025,Product SKU-1025,B2,154,60,68,59,87
2024-04-07,SKU-1043,Product SKU-1043,B2,242,33,18,97,160
2024-04-21,SKU-1000,Product SKU-1000,B1,474,57,48,116,367
2024-03-21,SKU-1033,Product SKU-1033,A1,49,68,45,85,-13
2024-06-05,SKU-1041,Product SKU-1041,B1,171,34,34,42,129
2024-03-06,SKU-1041,Product SKU-1041,C1,200,59,30,116,113
2024-05-30,SKU-1049,Product SKU-1049,A2,266,43,23,70,216
2024-05-20,SKU-1000,Product SKU-1000,A1,425,8,1,82,350
2024-01-26,SKU-1033,Product SKU-1033,A1,350,57,44,58,305
2024-03-13,SKU-1016,Product SKU-1016,A2,17,3,79,41,-100
2024-01-15,SKU-1038,Product SKU-1038,A2,486,76,15,120,427
2024-01-31,SKU-1005,Product SKU-1005,C1,66,48,72,53,-11
2024-01-29,SKU-1044,Product SKU-1044,A2,129,37,59,114,-7
2024-01-20,SKU-1040,Product SKU-1040,B2,472,35,54,118,335
2024-06-19,SKU-1049,Product SKU-1049,B1,131,20,9,65,77
2024-01-16,SKU-1024,Product SKU-1024,B2,170,7,33,63,81
2024-02-15,SKU-1028,Product SKU-1028,A1,251,25,78,80,118
2024-02-15,SKU-1041,Product SKU-1041,B2,55,18,69,85,-81
2024-02-25,SKU-1039,Product SKU-1039,A1,467,56,33,43,447
2024-01-09,SKU-1004,Product SKU-1004,A1,292,32,57,32,235
2024-05-07,SKU-1009,Product SKU-1009,A1,477,4,49,64,368
2024-02-08,SKU-1044,Product SKU-1044,B1,463,50,73,30,410
2024-05-11,SKU-1045,Product SKU-1045,B2,244,55,51,38,210
2024-05-18,SKU-1014,Product SKU-1014,A1,196,61,15,102,140
2024-05-17,SKU-1022,Product SKU-1022,B1,349,38,51,37,299
2024-06-10,SKU-1041,Product SKU-1041,A1,187,68,43,40,172
2024-04-27,SKU-1048,Product SKU-1048,B1,331,25,22,100,234
2024-01-11,SKU-1024,Product SKU-1024,A2,153,49,13,110,79
2024-06-25,SKU-1022,Product SKU-1022,B2,43,80,56,54,13
2024-02-05,SKU-1002,Product SKU-1002,A2,12,75,30,92,-35
2024-04-09,SKU-1004,Product SKU-1004,C1,329,39,63,98,207
2024-04-25,SKU-1001,Product SKU-1001,A1,173,7,43,35,102
2024-04-13,SKU-1007,Product SKU-1007,A2,413,66,58,116,305
2024-05-17,SKU-1009,Product SKU-1009,C1,119,9,4,48,76
2024-05-05,SKU-1041,Product SKU-1041,A1,241,79,5,61,254
2024-06-28,SKU-1041,Product SKU-1041,A2,7,22,80,36,-87
2024-03-19,SKU-1006,Product SKU-1006,B2,312,21,75,38,220
2024-01-28,SKU-1007,Product SKU-1007,B2,304,78,28,38,316
2024-02-21,SKU-1027,Product SKU-1027,B1,415,51,41,45,380
2024-06-24,SKU-1036,Product SKU-1036,C1,70,41,27,35,49
2024-05-31,SKU-1011,Product SKU-1011,B1,32,15,35,48,-36
2024-04-16,SKU-1010,Product SKU-1010,B1,283,21,56,61,187
2024-05-28,SKU-1002,Product SKU-1002,A2,51,80,78,78,-25
2024-02-10,SKU-1001,Product SKU-1001,B2,41,0,0,52,-11
2024-01-23,SKU-1045,Product SKU-1045,C1,454,36,53,118,319
2024-05-01,SKU-1044,Product SKU-1044,A2,105,18,34,96,-7
2024-04-25,SKU-1026,Product SKU-1026,A2,480,22,78,118,306
2024-01-10,SKU-1038,Product SKU-1038,A2,367,63,78,41,311
2024-06-09,SKU-1019,Product SKU-1019,B1,214,0,71,60,83
2024-02-19,SKU-1007,Product SKU-1007,C1,500,12,79,76,357
2024-05-18,SKU-1032,Product SKU-1032,A2,237,80,26,65,226
2024-01-14,SKU-1012,Product SKU-1012,A1,407,19,60,93,273
2024-02-15,SKU-1010,Product SKU-1010,A1,27,46,36,56,-19
2024-04-21,SKU-1016,Product SKU-1016,B1,315,58,5,43,325
2024-01-14,SKU-1034,Product SKU-1034,A2,80,3,62,95,-74
2024-01-30,SKU-1004,Product SKU-1004,A2,369,56,75,104,246
2024-03-24,SKU-1026,Product SKU-1026,A2,382,41,29,44,350
2024-03-24,SKU-1014,Product SKU-1014,A1,121,52,25,78,70
2024-02-26,SKU-1004,Product SKU-1004,B2,299,62,6,85,270
2024-02-07,SKU-1013,Product SKU-1013,C1,232,22,49,77,128
2024-02-04,SKU-1029,Product SKU-1029,A2,323,45,34,55,279
2024-03-26,SKU-1008,Product SKU-1008,A1,354,72,7,65,354
2024-02-04,SKU-1007,Product SKU-1007,B2,234,53,21,73,193
2024-02-26,SKU-1018,Product SKU-1018,C1,80,78,21,103,34
2024-05-21,SKU-1014,Product SKU-1014,A1,210,66,62,57,157
2024-05-31,SKU-1030,Product SKU-1030,B2,142,1,54,61,28
2024-03-04,SKU-1020,Product SKU-1020,B2,296,28,75,49,200
2024-05-26,SKU-1000,Product SKU-1000,B2,22,5,60,94,-127
2024-01-09,SKU-1027,Product SKU-1027,C1,201,61,12,87,163
2024-05-06,SKU-1015,Product SKU-1015,A1,285,1,52,57,177
2024-02-03,SKU-1022,Product SKU-1022,B1,122,11,2,91,40
2024-06-20,SKU-1019,Product SKU-1019,A2,360,58,73,104,241
2024-01-07,SKU-1029,Product SKU-1029,B2,395,17,51,53,308
2024-04-04,SKU-1040,Product SKU-1040,B2,360,0,80,39,241
2024-04-08,SKU-1044,Product SKU-1044,B1,271,4,37,84,154
2024-03-10,SKU-1044,Product SKU-1044,C1,277,73,26,117,207
2024-01-21,SKU-1039,Product SKU-1039,B1,376,7,65,116,202
2024-04-03,SKU-1003,Product SKU-1003,A1,196,46,59,109,74
2024-01-11,SKU-1023,Product SKU-1023,B1,89,71,8,101,51
2024-02-22,SKU-1008,Product SKU-1008,B1,122,69,14,113,64
2024-05-02,SKU-1047,Product SKU-1047,C1,446,26,28,71,373
2024-03-31,SKU-1017,Product SKU-1017,C1,348,54,35,36,331
2024-01-17,SKU-1023,Product SKU-1023,B1,231,62,64,97,132
2024-02-01,SKU-1030,Product SKU-1030,C1,347,68,37,87,291
2024-06-07,SKU-1023,Product SKU-1023,A1,96,58,11,40,103
2024-04-10,SKU-1011,Product SKU-1011,B1,490,9,13,51,435
2024-03-11,SKU-1007,Product SKU-1007,A2,254,19,26,96,151
2024-06-09,SKU-1001,Product SKU-1001,B1,213,69,16,90,176
2024-03-29,SKU-1026,Product SKU-1026,B2,377,2,37,54,288
2024-01-17,SKU-1001,Product SKU-1001,A2,427,66,42,82,369
2024-05-28,SKU-1021,Product SKU-1021,B1,248,75,67,100,156
2024-04-23,SKU-1029,Product SKU-1029,B1,290,16,39,51,216
2024-03-07,SKU-1014,Product SKU-1014,B2,190,36,6,48,172
2024-03-31,SKU-1018,Product SKU-1018,B2,489,21,79,50,381
2024-05-17,SKU-1018,Product SKU-1018,A2,498,22,19,50,451
2024-03-01,SKU-1007,Product SKU-1007,A1,162,73,16,86,133
2024-03-07,SKU-1023,Product SKU-1023,A2,105,71,4,115,57
2024-03-22,SKU-1022,Product SKU-1022,A2,190,57,69,50,128
2024-05-16,SKU-1019,Product SKU-1019,A1,471,3,51,93,330
2024-02-07,SKU-1029,Product SKU-1029,B1,79,0,69,94,-84
2024-03-25,SKU-1041,Product SKU-1041,B1,242,37,73,115,91
2024-02-07,SKU-1036,Product SKU-1036,B2,173,14,61,35,91
2024-02-05,SKU-1043,Product SKU-1043,C1,59,39,3,81,14
2024-06-07,SKU-1014,Product SKU-1014,B2,182,11,41,37,115
2024-06-04,SKU-1041,Product SKU-1041,A2,298,67,28,65,272
2024-02-20,SKU-1001,Product SKU-1001,A1,275,57,11,95,226
2024-04-10,SKU-1012,Product SKU-1012,B2,162,77,77,95,67
2024-01-15,SKU-1042,Product SKU-1042,B1,203,18,54,77,90
2024-04-08,SKU-1023,Product SKU-1023,A1,145,44,44,69,76
2024-04-24,SKU-1035,Product SKU-1035,A1,110,56,53,86,27
2024-03-14,SKU-1010,Product SKU-1010,B2,373,53,17,105,304
2024-06-02,SKU-1005,Product SKU-1005,A2,106,38,60,97,-13
2024-03-26,SKU-1004,Product SKU-1004,C1,387,48,11,30,394
2024-04-14,SKU-1040,Product SKU-1040,B1,212,22,71,89,74
2024-05-25,SKU-1048,Product SKU-1048,A2,102,23,48,67,10
2024-05-21,SKU-1031,Product SKU-1031,A1,421,38,74,68,317
2024-05-06,SKU-1035,Product SKU-1035,B2,114,3,0,49,68
2024-03-08,SKU-1019,Product SKU-1019,B2,63,36,53,52,-6
2024-05-05,SKU-1044,Product SKU-1044,A2,14,15,35,93,-99
2024-01-18,SKU-1038,Product SKU-1038,B1,297,61,72,85,201
2024-03-07,SKU-1040,Product SKU-1040,B2,498,15,47,95,371
2024-05-27,SKU-1001,Product SKU-1001,B1,83,74,7,48,102
2024-03-22,SKU-1029,Product SKU-1029,A2,182,20,6,64,132
2024-04-02,SKU-1026,Product SKU-1026,B1,24,37,37,97,-73
2024-06-12,SKU-1004,Product SKU-1004,C1,99,80,23,42,114
2024-06-02,SKU-1048,Product SKU-1048,A2,278,41,40,117,162
2024-03-18,SKU-1017,Product SKU-1017,B1,49,68,74,75,-32
2024-02-06,SKU-1000,Product SKU-1000,A2,265,36,47,92,162
2024-04-15,SKU-1021,Product SKU-1021,A2,52,27,19,94,-34
2024-02-26,SKU-1012,Product SKU-1012,C1,314,67,68,100,213
2024-06-28,SKU-1048,Product SKU-1048,A1,213,58,9,44,218
2024-02-03,SKU-1001,Product SKU-1001,B2,178,39,46,47,124
2024-04-23,SKU-1038,Product SKU-1038,C1,390,43,22,120,291
2024-03-18,SKU-1001,Product SKU-1001,A1,113,16,18,118,-7
2024-02-28,SKU-1019,Product SKU-1019,A2,107,16,10,84,29
2024-06-25,SKU-1048,Product SKU-1048,A1,39,2,61,85,-105
2024-01-11,SKU-1012,Product SKU-1012,A1,16,65,75,37,-31
2024-04-30,SKU-1007,Product SKU-1007,B1,22,8,38,115,-123
2024-01-03,SKU-1048,Product SKU-1048,A1,400,15,77,56,282
2024-05-30,SKU-1012,Product SKU-1012,A2,343,44,3,41,343
2024-02-07,SKU-1047,Product SKU-1047,B1,485,74,44,75,440
2024-02-11,SKU-1032,Product SKU-1032,C1,123,64,72,38,77
2024-01-26,SKU-1037,Product SKU-1037,A1,270,27,24,66,207
2024-02-13,SKU-1048,Product SKU-1048,C1,2,12,27,94,-107
2024-05-01,SKU-1023,Product SKU-1023,C1,94,56,13,53,84
2024-03-31,SKU-1024,Product SKU-1024,B2,109,65,29,82,63
2024-01-29,SKU-1048,Product SKU-1048,B1,63,59,14,96,12
2024-02-04,SKU-1031,Product SKU-1031,B1,360,36,71,35,290
2024-01-22,SKU-1020,Product SKU-1020,B2,59,49,36,88,-16
2024-06-02,SKU-1047,Product SKU-1047,B1,351,56,28,100,279
2024-04-14,SKU-1018,Product SKU-1018,B2,96,8,60,116,-72
2024-04-04,SKU-1011,Product SKU-1011,A1,345,62,13,80,314
2024-04-22,SKU-1033,Product SKU-1033,A1,61,18,50,81,-52
2024-06-26,SKU-1037,Product SKU-1037,A1,379,21,8,76,316
2024-02-20,SKU-1021,Product SKU-1021,A2,304,51,15,59,281
2024-04-18,SKU-1046,Product SKU-1046,B2,142,74,75,64,77
2024-06-13,SKU-1025,Product SKU-1025,B1,243,77,51,92,177
2024-05-10,SKU-1017,Product SKU-1017,A2,393,58,13,45,393
2024-03-05,SKU-1031,Product SKU-1031,B2,118,80,17,33,148
2024-01-26,SKU-1047,Product SKU-1047,A1,425,8,63,116,254
2024-01-07,SKU-1011,Product SKU-1011,B2,309,41,19,68,263
2024-06-08,SKU-1039,Product SKU-1039,A1,389,9,66,93,239
2024-04-29,SKU-1012,Product SKU-1012,B1,338,63,62,94,245
2024-03-07,SKU-1034,Product SKU-1034,B1,414,69,69,32,382
2024-01-09,SKU-1027,Product SKU-1027,A1,196,57,40,78,135
2024-04-23,SKU-1029,Product SKU-1029,A1,16,22,71,114,-147
2024-03-18,SKU-1045,Product SKU-1045,A2,251,55,17,69,220
2024-04-09,SKU-1031,Product SKU-1031,A1,291,62,70,117,166
2024-05-18,SKU-1036,Product SKU-1036,B2,243,71,20,94,200
2024-01-15,SKU-1025,Product SKU-1025,B1,253,75,48,108,172
2024-06-22,SKU-1022,Product SKU-1022,B1,164,7,3,105,63
2024-01-12,SKU-1008,Product SKU-1008,B1,178,74,3,110,139
2024-03-28,SKU-1024,Product SKU-1024,A1,219,44,45,82,136
2024-03-30,SKU-1003,Product SKU-1003,A2,126,30,39,105,12
2024-01-22,SKU-1044,Product SKU-1044,A1,444,39,14,73,396
2024-02-13,SKU-1001,Product SKU-1001,C1,166,4,58,114,-2
2024-04-18,SKU-1036,Product SKU-1036,C1,461,53,34,32,448
2024-06-27,SKU-1030,Product SKU-1030,C1,11,40,48,103,-100
2024-04-09,SKU-1020,Product SKU-1020,C1,50,62,12,118,-18
2024-06-21,SKU-1013,Product SKU-1013,B1,254,64,43,51,224
2024-06-06,SKU-1019,Product SKU-1019,B1,496,55,25,93,433
2024-06-11,SKU-1004,Product SKU-1004,C1,109,36,33,36,76
2024-03-17,SKU-1036,Product SKU-1036,B2,411,28,79,41,319
2024-05-28,SKU-1006,Product SKU-1006,C1,172,34,8,102,96
2024-05-15,SKU-1030,Product SKU-1030,B2,107,44,9,113,29
2024-03-18,SKU-1032,Product SKU-1032,B1,221,69,40,55,195
2024-04-16,SKU-1025,Product SKU-1025,B1,319,65,58,115,211
2024-05-20,SKU-1011,Product SKU-1011,A1,321,66,23,103,261
2024-05-07,SKU-1013,Product SKU-1013,B2,137,68,78,85,42
2024-05-24,SKU-1046,Product SKU-1046,A1,267,25,46,89,157
2024-02-07,SKU-1015,Product SKU-1015,A2,382,38,55,82,283
2024-03-22,SKU-1004,Product SKU-1004,A2,433,52,34,66,385
2024-06-14,SKU-1010,Product SKU-1010,B1,351,76,30,81,316
2024-03-02,SKU-1007,Product SKU-1007,A2,98,3,31,69,1
2024-04-28,SKU-1031,Product SKU-1031,C1,223,54,4,55,218
2024-02-10,SKU-1017,Product SKU-1017,A2,14,33,35,114,-102
2024-05-20,SKU-1011,Product SKU-1011,A1,493,62,2,37,516
2024-01-22,SKU-1020,Product SKU-1020,C1,152,8,52,76,32
2024-06-20,SKU-1042,Product SKU-1042,A1,203,17,30,44,146
2024-05-26,SKU-1047,Product SKU-1047,C1,477,15,66,115,311
2024-05-28,SKU-1049,Product SKU-1049,C1,128,63,11,60,120
2024-06-02,SKU-1007,Product SKU-1007,B1,168,74,49,60,133
2024-04-18,SKU-1013,Product SKU-1013,A2,54,22,27,65,-16
2024-04-22,SKU-1026,Product SKU-1026,B1,441,75,7,92,417
2024-05-16,SKU-1023,Product SKU-1023,A1,162,69,54,90,87
2024-06-23,SKU-1015,Product SKU-1015,B1,450,18,46,90,332
2024-04-04,SKU-1019,Product SKU-1019,A1,330,77,4,114,289
2024-01-14,SKU-1044,Product SKU-1044,A2,129,70,49,69,81
2024-06-12,SKU-1044,Product SKU-1044,B1,462,15,68,60,349
2024-04-23,SKU-1024,Product SKU-1024,A1,465,50,32,68,415
2024-01-24,SKU-1048,Product SKU-1048,A2,152,26,20,86,72
2024-06-10,SKU-1020,Product SKU-1020,B2,404,4,35,40,333
2024-05-05,SKU-1030,Product SKU-1030,B2,474,42,54,42,420
2024-02-11,SKU-1044,Product SKU-1044,B1,259,8,45,83,139
2024-06-03,SKU-1046,Product SKU-1046,C1,377,41,58,118,242
2024-01-08,SKU-1048,Product SKU-1048,A1,328,23,80,86,185
2024-06-13,SKU-1008,Product SKU-1008,A1,205,25,80,69,81
2024-03-21,SKU-1036,Product SKU-1036,A1,56,20,31,96,-51
2024-06-15,SKU-1048,Product SKU-1048,A2,433,76,52,70,387
2024-04-25,SKU-1030,Product SKU-1030,A2,133,22,75,71,9
2024-03-13,SKU-1012,Product SKU-1012,A1,212,47,23,80,156
2024-04-06,SKU-1036,Product SKU-1036,A2,10,2,71,112,-171
2024-06-05,SKU-1040,Product SKU-1040,A2,464,11,59,55,361
2024-03-08,SKU-1044,Product SKU-1044,A2,25,51,79,84,-87
2024-06-02,SKU-1016,Product SKU-1016,A2,45,47,21,102,-31
2024-01-31,SKU-1000,Product SKU-1000,C1,222,58,63,45,172
2024-02-27,SKU-1045,Product SKU-1045,A2,97,34,36,93,2
2024-04-07,SKU-1008,Product SKU-1008,B2,438,26,76,57,331
2024-03-13,SKU-1046,Product SKU-1046,A2,214,23,52,48,137
2024-01-08,SKU-1018,Product SKU-1018,B1,120,79,57,61,81
2024-04-04,SKU-1037,Product SKU-1037,B2,43,1,60,47,-63
2024-03-23,SKU-1044,Product SKU-1044,B2,351,27,49,120,209
2024-04-18,SKU-1047,Product SKU-1047,C1,131,9,12,101,27
2024-01-16,SKU-1003,Product SKU-1003,B1,476,30,60,75,371
2024-06-04,SKU-1042,Product SKU-1042,C1,363,5,0,62,306
2024-05-09,SKU-1039,Product SKU-1039,B2,154,50,47,46,111
2024-05-23,SKU-1002,Product SKU-1002,C1,91,33,21,94,9
2024-05-06,SKU-1021,Product SKU-1021,B2,67,11,40,120,-82
2024-05-15,SKU-1027,Product SKU-1027,A2,133,14,40,35,72
2024-02-02,SKU-1031,Product SKU-1031,B1,382,46,55,66,307
2024-03-08,SKU-1039,Product SKU-1039,B1,264,40,55,51,198
2024-03-21,SKU-1047,Product SKU-1047,B2,391,19,71,114,225
2024-06-11,SKU-1028,Product SKU-1028,A1,96,19,6,59,50
2024-02-16,SKU-1002,Product SKU-1002,B2,133,20,59,85,9
2024-01-30,SKU-1031,Product SKU-1031,A1,226,45,71,92,108
2024-04-27,SKU-1031,Product SKU-1031,A1,433,18,15,74,362
2024-01-24,SKU-1013,Product SKU-1013,B1,92,21,65,64,-16
2024-05-24,SKU-1042,Product SKU-1042,C1,108,74,0,97,85
2024-05-26,SKU-1011,Product SKU-1011,B2,471,9,31,93,356
2024-06-22,SKU-1006,Product SKU-1006,B1,13,36,15,80,-46
2024-04-05,SKU-1037,Product SKU-1037,A1,428,41,19,33,417
2024-01-21,SKU-1029,Product SKU-1029,B2,232,80,34,106,172
2024-06-17,SKU-1000,Product SKU-1000,B1,496,5,79,87,335
2024-03-24,SKU-1046,Product SKU-1046,C1,66,27,6,112,-25
2024-03-13,SKU-1020,Product SKU-1020,A1,380,9,70,107,212
2024-04-07,SKU-1005,Product SKU-1005,B2,130,22,30,81,41
2024-01-23,SKU-1001,Product SKU-1001,A2,83,49,51,66,15
2024-06-14,SKU-1048,Product SKU-1048,A2,61,38,62,85,-48
2024-03-20,SKU-1043,Product SKU-1043,C1,67,45,12,77,23
2024-05-11,SKU-1012,Product SKU-1012,B2,228,49,60,64,153
2024-05-24,SKU-1038,Product SKU-1038,B2,46,54,47,108,-55
2024-02-17,SKU-1027,Product SKU-1027,B2,47,5,65,73,-86
2024-04-28,SKU-1043,Product SKU-1043,A2,331,19,63,97,190
2024-06-10,SKU-1041,Product SKU-1041,C1,42,37,59,85,-65
2024-01-21,SKU-1030,Product SKU-1030,B1,76,16,38,61,-7
2024-05-13,SKU-1027,Product SKU-1027,B1,291,6,70,39,188
2024-01-12,SKU-1032,Product SKU-1032,A1,261,54,52,42,221
2024-04-28,SKU-1042,Product SKU-1042,C1,416,32,45,62,341
2024-05-29,SKU-1005,Product SKU-1005,C1,8,14,59,52,-89
2024-02-16,SKU-1025,Product SKU-1025,A1,42,53,38,70,-13
2024-05-30,SKU-1046,Product SKU-1046,B2,387,57,79,63,302
2024-03-28,SKU-1011,Product SKU-1011,A2,94,10,77,63,-36
2024-06-21,SKU-1006,Product SKU-1006,B2,273,2,0,80,195
2024-01-30,SKU-1000,Product SKU-1000,A2,335,61,58,118,220
2024-04-13,SKU-1042,Product SKU-1042,C1,371,62,38,109,286
2024-06-06,SKU-1023,Product SKU-1023,B2,411,38,11,46,392
2024-02-04,SKU-1000,Product SKU-1000,A2,57,2,24,33,2
2024-02-23,SKU-1030,Product SKU-1030,A2,332,30,55,110,197
2024-05-17,SKU-1012,Product SKU-1012,A1,154,59,18,90,105
2024-04-18,SKU-1001,Product SKU-1001,A1,85,19,56,92,-44
2024-04-30,SKU-1001,Product SKU-1001,B2,299,31,25,67,238
2024-05-25,SKU-1025,Product SKU-1025,A1,170,1,13,110,48
2024-04-20,SKU-1026,Product SKU-1026,B2,377,74,76,100,275
2024-03-15,SKU-1002,Product SKU-1002,B2,204,62,65,105,96
2024-06-05,SKU-1043,Product SKU-1043,B2,118,7,67,32,26
2024-04-18,SKU-1036,Product SKU-1036,B1,283,8,34,112,145
2024-04-16,SKU-1030,Product SKU-1030,A1,253,79,44,87,201
2024-06-27,SKU-1027,Product SKU-1027,A1,82,36,24,90,4
2024-03-29,SKU-1028,Product SKU-1028,A2,259,28,75,117,95
2024-03-27,SKU-1038,Product SKU-1038,B2,67,37,49,83,-28
2024-06-21,SKU-1041,Product SKU-1041,B1,407,60,20,109,338
2024-02-23,SKU-1018,Product SKU-1018,A1,341,61,16,52,334
2024-02-21,SKU-1010,Product SKU-1010,C1,251,12,53,93,117
2024-03-18,SKU-1015,Product SKU-1015,A2,285,6,2,75,214
2024-03-07,SKU-1022,Product SKU-1022,A2,89,64,4,38,111
2024-03-27,SKU-1027,Product SKU-1027,A1,316,29,15,101,229
2024-02-27,SKU-1031,Product SKU-1031,B1,174,45,5,101,113
2024-03-09,SKU-1009,Product SKU-1009,C1,309,13,6,86,230
2024-04-27,SKU-1048,Product SKU-1048,A1,499,13,78,108,326
2024-01-27,SKU-1035,Product SKU-1035,A1,259,13,21,110,141
2024-01-31,SKU-1013,Product SKU-1013,B1,80,37,56,94,-33
2024-05-07,SKU-1046,Product SKU-1046,A1,78,46,42,47,35
2024-02-01,SKU-1012,Product SKU-1012,B2,496,53,0,61,488
2024-05-01,SKU-1021,Product SKU-1021,B1,258,21,10,64,205
2024-04-05,SKU-1045,Product SKU-1045,B2,184,80,31,49,184
2024-05-15,SKU-1026,Product SKU-1026,A2,70,54,52,82,-10
2024-04-27,SKU-1033,Product SKU-1033,B1,483,3,56,48,382
2024-01-03,SKU-1045,Product SKU-1045,C1,483,8,10,73,408
2024-03-21,SKU-1025,Product SKU-1025,A2,222,7,50,34,145
2024-06-18,SKU-1041,Product SKU-1041,A2,462,73,7,110,418
2024-06-18,SKU-1033,Product SKU-1033,B1,214,51,70,68,127
2024-03-21,SKU-1022,Product SKU-1022,A1,423,35,67,108,283
2024-02-07,SKU-1044,Product SKU-1044,B2,228,26,69,109,76
2024-06-07,SKU-1041,Product SKU-1041,B2,357,44,51,55,295
2024-03-18,SKU-1005,Product SKU-1005,A1,275,42,49,46,222
2024-05-13,SKU-1034,Product SKU-1034,B1,109,11,65,100,-45
2024-03-20,SKU-1033,Product SKU-1033,B1,387,20,2,33,372
2024-05-18,SKU-1037,Product SKU-1037,B1,123,38,54,94,13
2024-01-29,SKU-1046,Product SKU-1046,A1,430,47,33,110,334
2024-05-09,SKU-1022,Product SKU-1022,A1,24,15,57,68,-86
2024-05-26,SKU-1047,Product SKU-1047,A1,232,43,30,104,141
2024-05-24,SKU-1045,Product SKU-1045,C1,432,76,29,74,405
2024-03-17,SKU-1018,Product SKU-1018,C1,344,17,48,96,217
2024-03-04,SKU-1006,Product SKU-1006,B1,264,74,24,76,238
2024-04-26,SKU-1006,Product SKU-1006,A2,364,54,52,40,326
2024-01-24,SKU-1003,Product SKU-1003,B2,454,16,60,57,353
2024-04-24,SKU-1004,Product SKU-1004,B1,346,67,51,105,257
2024-05-23,SKU-1033,Product SKU-1033,B2,446,33,74,93,312
2024-06-11,SKU-1027,Product SKU-1027,B2,352,62,53,50,311
2024-02-06,SKU-1032,Product SKU-1032,A2,248,58,16,120,170
2024-05-11,SKU-1033,Product SKU-1033,A1,355,27,58,90,234
2024-01-09,SKU-1047,Product SKU-1047,A2,483,71,47,45,462
2024-06-03,SKU-1026,Product SKU-1026,A1,61,47,73,67,-32
2024-01-11,SKU-1033,Product SKU-1033,A2,60,47,39,77,-9
2024-03-18,SKU-1018,Product SKU-1018,B2,14,18,18,105,-91
2024-04-17,SKU-1003,Product SKU-1003,B1,455,36,27,53,411
2024-05-05,SKU-1000,Product SKU-1000,A1,280,44,8,35,281
2024-04-16,SKU-1030,Product SKU-1030,C1,158,72,57,73,100
2024-04-06,SKU-1030,Product SKU-1030,C1,67,17,64,111,-91
2024-04-27,SKU-1048,Product SKU-1048,B2,341,57,19,71,308
2024-01-23,SKU-1039,Product SKU-1039,C1,209,49,29,80,149
2024-03-27,SKU-1034,Product SKU-1034,A1,490,56,35,112,399
2024-01-23,SKU-1010,Product SKU-1010,A1,292,80,39,101,232
2024-06-14,SKU-1007,Product SKU-1007,C1,43,24,79,99,-111
2024-05-27,SKU-1048,Product SKU-1048,A1,490,72,66,54,442
2024-05-01,SKU-1032,Product SKU-1032,A1,61,68,23,32,74
2024-03-11,SKU-1013,Product SKU-1013,A2,424,74,56,40,402
2024-05-16,SKU-1038,Product SKU-1038,B1,205,75,5,92,183
2024-01-06,SKU-1021,Product SKU-1021,B2,92,53,3,97,45
2024-03-22,SKU-1024,Product SKU-1024,B1,46,14,12,99,-51
2024-02-13,SKU-1018,Product SKU-1018,A2,93,32,11,49,65
2024-03-19,SKU-1026,Product SKU-1026,A2,30,78,41,53,14
2024-01-07,SKU-1045,Product SKU-1045,A1,152,49,12,70,119
2024-02-06,SKU-1026,Product SKU-1026,B1,132,48,15,36,129
2024-02-21,SKU-1015,Product SKU-1015,C1,300,30,63,95,172
2024-05-09,SKU-1024,Product SKU-1024,A1,137,7,40,89,15
2024-05-21,SKU-1026,Product SKU-1026,A1,247,3,52,111,87
2024-02-29,SKU-1001,Product SKU-1001,B1,283,75,12,61,285
2024-05-22,SKU-1041,Product SKU-1041,A2,155,72,52,87,88
2024-01-22,SKU-1040,Product SKU-1040,C1,104,18,47,99,-24
2024-02-13,SKU-1015,Product SKU-1015,C1,487,54,71,87,383
2024-01-11,SKU-1000,Product SKU-1000,B2,492,79,37,113,421
2024-02-12,SKU-1000,Product SKU-1000,A1,477,61,34,106,398
2024-03-05,SKU-1043,Product SKU-1043,B2,179,80,27,104,128
2024-05-10,SKU-1018,Product SKU-1018,A1,82,68,72,38,40
2024-03-17,SKU-1005,Product SKU-1005,B2,357,15,17,101,254
2024-03-12,SKU-1027,Product SKU-1027,A2,312,64,40,117,219
2024-03-28,SKU-1040,Product SKU-1040,B1,385,57,34,61,347
2024-06-18,SKU-1020,Product SKU-1020,B1,107,58,76,72,17
2024-01-05,SKU-1044,Product SKU-1044,A2,330,0,77,90,163
2024-01-02,SKU-1000,Product SKU-1000,A2,211,71,62,80,140
2024-05-17,SKU-1005,Product SKU-1005,A1,275,3,56,116,106
2024-02-01,SKU-1022,Product SKU-1022,B2,423,76,45,79,375
2024-02-15,SKU-1049,Product SKU-1049,A1,63,59,47,54,21
2024-04-23,SKU-1000,Product SKU-1000,A2,380,2,35,117,230
2024-04-01,SKU-1012,Product SKU-1012,A1,417,78,80,68,347
2024-02-26,SKU-1014,Product SKU-1014,B2,495,46,4,65,472
2024-05-06,SKU-1045,Product SKU-1045,C1,107,0,25,111,-29
2024-04-11,SKU-1007,Product SKU-1007,B1,291,64,63,51,241
2024-05-21,SKU-1012,Product SKU-1012,C1,344,77,72,52,297
2024-01-17,SKU-1037,Product SKU-1037,A2,381,8,16,63,310
2024-05-25,SKU-1014,Product SKU-1014,C1,373,35,24,116,268
2024-01-06,SKU-1044,Product SKU-1044,C1,314,32,71,88,187
2024-01-01,SKU-1027,Product SKU-1027,A1,437,41,55,82,341
2024-03-11,SKU-1007,Product SKU-1007,C1,238,63,46,96,159
2024-01-12,SKU-1046,Product SKU-1046,A2,24,35,53,98,-92
2024-04-24,SKU-1020,Product SKU-1020,A1,200,24,42,40,142
2024-05-26,SKU-1001,Product SKU-1001,A2,500,54,9,61,484
2024-02-20,SKU-1010,Product SKU-1010,B1,159,8,80,110,-23
2024-01-25,SKU-1001,Product SKU-1001,B2,221,3,75,110,39
2024-03-26,SKU-1016,Product SKU-1016,A2,55,60,30,73,12
2024-01-14,SKU-1021,Product SKU-1021,C1,406,30,9,106,321
2024-06-07,SKU-1028,Product SKU-1028,A1,320,57,74,45,258
2024-01-22,SKU-1003,Product SKU-1003,A1,193,40,8,46,179
2024-01-16,SKU-1028,Product SKU-1028,A1,154,78,80,85,67
2024-01-17,SKU-1006,Product SKU-1006,A1,286,6,37,78,177
2024-04-12,SKU-1006,Product SKU-1006,C1,385,52,29,106,302
2024-06-17,SKU-1039,Product SKU-1039,A1,232,49,59,84,138
2024-06-07,SKU-1039,Product SKU-1039,A1,173,3,58,96,22
2024-03-25,SKU-1037,Product SKU-1037,A2,55,13,1,106,-39
2024-01-18,SKU-1037,Product SKU-1037,A2,463,73,16,111,409
2024-05-10,SKU-1016,Product SKU-1016,B1,215,61,79,86,111
2024-02-17,SKU-1015,Product SKU-1015,A2,408,5,7,46,360
2024-03-20,SKU-1037,Product SKU-1037,B2,262,45,39,104,164
2024-05-18,SKU-1049,Product SKU-1049,A2,75,60,39,107,-11
2024-03-28,SKU-1018,Product SKU-1018,B1,496,1,66,105,326
2024-06-17,SKU-1043,Product SKU-1043,A2,29,30,64,101,-106
2024-01-14,SKU-1027,Product SKU-1027,B1,100,25,25,38,62
2024-03-28,SKU-1012,Product SKU-1012,B2,355,59,76,118,220
2024-03-25,SKU-1037,Product SKU-1037,C1,493,42,78,68,389
2024-04-17,SKU-1021,Product SKU-1021,A2,53,58,5,93,13
2024-02-26,SKU-1000,Product SKU-1000,A2,354,29,59,109,215
2024-02-24,SKU-1015,Product SKU-1015,B2,376,42,48,56,314
2024-04-12,SKU-1011,Product SKU-1011,A1,185,1,9,75,102
2024-01-08,SKU-1035,Product SKU-1035,A1,72,37,56,54,-1
